ime,vrsta
Snežnik,vrh
Snežnik,koča
Mali Snežnik,vrh
Mali Golak,vrh
Srednji Golak,vrh
Smrekov vrh,vrh
Mrzovec,vrh
Veliki Modrasovec,vrh
Bukov Vrh (Trnovski gozd),vrh
Suhi vrh (Nanos),vrh
Mali Modrasovec,vrh
Poldanovec,vrh
Goteniški Snežnik,vrh
Srednja gora (Hrušica),vrh
Veliki Javornik (Javorniki),vrh
Streliški vrh (Hrušica),vrh
Iztokova koča pod Golaki,koča
Turn,vrh
Kuk (Kolovrat),vrh
Dom na Sviščakih,koča
Koča Antona Bavčerja na Čavnu,koča
Javornik nad Črnim Vrhom,vrh
Vojkova koča na Nanosu,vrh
Vojkova koča na Nanosu,koča
Veliki Rob,vrh
Kucelj na Čavnu,vrh
Rezinski vrh,vrh
Sveti Duh (Hrušica),vrh
Sveti Duh (Hrušica),cerkev
Mali Javornik (Javorniki),vrh
Petelinjek,vrh
Grmada (Nanos),vrh
Velika Jazbina,vrh
Nagnoj,vrh
Cerk,vrh
Stanov rob,vrh
Čaven,vrh
Škol,vrh
Križna gora (Hrušica),vrh
Pirnatova koča na Javorniku,koča
Maj,vrh
Velika ledena jama v Paradani,Ni podana
Racna gora,vrh
Trinški vrh,vrh
Špičasti vrh,vrh
Bela stena,vrh
Krokar,vrh
Na gradu,vrh
Slivnica,vrh
Krim,vrh
Krim,koča
Čelkov vrh,vrh
Sveta Trojica,vrh
Velika Milanja,vrh
Kršičevec,vrh
Baba (pri Javornikih),vrh
Razsušica,vrh
Kameni zid,vrh
Medvižica,vrh
Dom na Slivnici,koča
Črni vrh (pri Lokvah),vrh
Veliki vrh (nad Lomom),vrh
Lašček,vrh
Bivak Zanuso na Kolovratu,bivak
Bivak Zanuso na Kolovratu,sedlo
Mokrc,vrh
Ostrič,vrh
Mala gora,vrh
Mala gora,koča
Bele ovce,vrh
Slavnik,vrh
Slavnik,koča
Vremščica,vrh
Sveti Hieronim,cerkev
Gora (Sveti Lovrenc),vrh
Gora (Sveti Lovrenc),cerkev
Špilnik,vrh
Koča na Kamnem griču,vrh
Koča na Kamnem griču,koča
Firstov rep,Ni podana
Sinji vrh,vrh
Županov vrh,vrh
Novaška gora,vrh
Grmada pri Slavniku,vrh
Koča na Kozleku,vrh
Koča na Kozleku,koča
Špiček (Špečk),vrh
Lovsko zavetišče pod Čavnom,vrh
Lovsko zavetišče pod Čavnom,bivak
Volovja reber,vrh
Sveti Bric (Nanos),cerkev
Rotovc,vrh
Mišnice,vrh
Kovk,vrh
Križna gora nad Colom,vrh
Velika Špička,vrh
Mala Plešivica,vrh
Ježa,vrh
Milanka,vrh
Leskovica (nad Stražiščem),vrh
Krempa,vrh
Krimšček,vrh
Petričev hrib,vrh
Deveti konfin,vrh
Kopitnik,bivak
Srednji vrh pri Kozleku,vrh
Dolski maj,vrh
Velika Plešivica,vrh
Lovska koča Urška,Ni podana
Očna,vrh
Dom na Travni Gori,koča
Furlanovo zavetišče pri Abramu,koča
Kraguljc,vrh
Bezgarska planina,planina
Marutnik,vrh
Golič,vrh
Gozdarska koča Pri logarnici,Ni podana
Nadglavinjak,vrh
Sekulak,Ni podana
Vrh Svetih Treh Kraljev,vrh
Vrh Svetih Treh Kraljev,cerkev
Kavčič,vrh
Lovska koča na Planinski gori,koča
Loška stena,vrh
Grmada (Planinska gora),vrh
Sončnica (Reber),vrh
Vrh Skopice,vrh
Bele stene,Ni podana
Kuželjska stena,vrh
Križna gora,vrh
Križna gora,cerkev
Navrše,vrh
Sveta Marija Magdalena (Gore),vrh
Sveta Marija Magdalena (Gore),cerkev
Belovka,vrh
Otliški maj,vrh
Sveti Vid (Vidovska planota),vrh
Sveti Vid (Vidovska planota),cerkev
Pravi vrh,vrh
Bivak Črna peč,bivak
Podrta gora nad Ajdovščino,vrh
Kurešček,vrh
Kurešček,cerkev
Koča na Vrhu Svetih Treh Kraljev,koča
Polšakova koča na Zagori,Ni podana
Osojnica,vrh
Ljubljanski vrh,vrh
Lovska koča Trešnja ravan,Ni podana
Sveti Socerb (Artviže),vrh
Sveti Socerb (Artviže),cerkev
Goli vrh (Cemarovnik),vrh
Medvedje Brdo,vrh
Medvedje Brdo,cerkev
Korada,vrh
Korada,cerkev
Globočak,vrh
Mali Trebelnik,vrh
Sveti Lenart (Krvava Peč),vrh
Sveti Lenart (Krvava Peč),cerkev
Ajdovščina,vrh
Lipnik,vrh
Zavetišče na Koradi,koča
Kojnik,vrh
Ulovka,vrh
Otliško okno,Ni podana
Slap Kotel,slap
Slap Kotel,jezero
Ahac,vrh
Ahac,cerkev
Gradiška Tura,vrh
Gradišče (Čepan),vrh
Rakitna,koča
Rakitna,jezero
Rakitna,cerkev
Sveta Marija na Planinski gori,cerkev
Vrh,vrh
Lovska koča Vojkovo,koča
Trenk,Ni podana
Ortneški Stari grad,vrh
Ortneški Stari grad,cerkev
Pečna reber,vrh
Pečna reber,koča
Planinski dom na Kureščku,koča
Razgledna točka Široko,vrh
Sveti Primož in Felicijan (Osredek),vrh
Sveti Primož in Felicijan (Osredek),koča
Sveti Primož in Felicijan (Osredek),cerkev
Šilentabor,vrh
Bloško jezero,koča
Bloško jezero,jezero
Veliko Gradišče,vrh
Dom na Goropekah,koča
Planinski dom pod Ježo,koča
Sveti Gregor na Slemenih,vrh
Sveti Gregor na Slemenih,koča
Sveti Gregor na Slemenih,cerkev
Hrpeljska gora,vrh
Škavnica,vrh
Koča na Planini nad Vrhniko,vrh
Koča na Planini nad Vrhniko,koča
Koča na Kavcu,Ni podana
Čičer,Ni podana
Šenčurjev vrh,vrh
Sveti Urh (Zavratec),cerkev
Sveti Martin (Šilentabor),cerkev
Primož,vrh
Planina Jegno,planina
Stari grad,vrh
Obrovnik,vrh
Mali Mošenik,vrh
Grad Lož (Pusti grad),vrh
Sveti Janez Krstnik (Goropeke),cerkev
Sveta Gora,vrh
Sveta Gora,koča
Sveta Gora,cerkev
Sv. Katarina nad Novokračinami,vrh
Sv. Katarina nad Novokračinami,cerkev
Sveta Barbara (Ravnik pri Hotedršici),vrh
Sveta Barbara (Ravnik pri Hotedršici),cerkev
Goropeški grič (Pikrej),vrh
Skozno,Ni podana
Kokoš,vrh
Kokoš,koča
Rajna peč,vrh
Vodice,vrh
Jampršnik,vrh
Škabrijel,vrh
Trstelj,vrh
Rimska trdnjava (Lanišče),Ni podana
Frančiškov hrib,vrh
Stol (Črni hribi),vrh
Strmica,vrh
Lovska koča Plehanov laz,koča
Partizanska bolnica Krvavice,Ni podana
Kuk nad Paljevim,vrh
Kuk nad Paljevim,bivak
Lovski dom pod Glavico,koča
Lovski dom pod Glavico,sedlo
Stjenkova koča na Trstelju,koča
Sabotin,vrh
Vitovski hrib,vrh
Vitovski hrib,cerkev
Stari tabor,vrh
Unška koliševka,Ni podana
Zidovnik (Sedovnik),vrh
Sveti Tomaž (Planinca),cerkev
Soteska Pekel 5. slap,slap
Stolovec,vrh
Sveta Ana (Razguri),vrh
Sveta Ana (Razguri),jezero
Sveta Ana (Razguri),cerkev
Dom na Sabotinu,koča
Sveti Socerb (Vipavska brda),vrh
Sveti Socerb (Vipavska brda),cerkev
Stari grad nad Želimljami,vrh
Štanjel (Sveti Danijel),vrh
Lešenjak,vrh
Volnik,vrh
Sekirica,vrh
Griček,vrh
Sveti Ambrož (Tabor),vrh
Štivanski log,jezero
Petelinjsko jezero,jezero
Plaz,vrh
Veliki hrib (kota 526),vrh
Kuren (Sveti Miklavž),koča
Kuren (Sveti Miklavž),cerkev
Školj sv. Pavla nad Vrtovinom,vrh
Školj sv. Pavla nad Vrtovinom,cerkev
Planinski dom v Novem Svetu,koča
Rakov Škocjan,Ni podana
Gura,vrh
Gura,cerkev
Veliki Gradež,vrh
Vrtovka,vrh
Skrivski izvir,Ni podana
Planinska jama,Ni podana
Tri učke,vrh
Kuk,vrh
Sveta Ana,vrh
Sveta Ana,cerkev
Grčarevec,jezero
Klada,Ni podana
Veliki Medvejk / Monte Orsario,vrh
Marija Snežna na Gradišcah,vrh
Marija Snežna na Gradišcah,cerkev
Veliki vrh (Črni hribi),vrh
Mengore,vrh
Mengore,cerkev
Lačna,vrh
Tupla jama,Ni podana
Laze,jezero
Laze,planina
Zjat,vrh
Renški vrh,vrh
Vitovsko jezero,jezero
Soteska Pekel 3. slap,slap
Soteska Pekel 3. slap,jezero
Sveti Jožef (Mlečnik),vrh
Sveti Jožef (Mlečnik),cerkev
Sveti Miklavž nad Vipavo,cerkev
Grad Socerb,vrh
Grad Socerb,koča
Grad Socerb,cerkev
Fajti hrib,vrh
Sveti Gregor na Dobravici,cerkev
Črnokalska Varda,vrh
Ostri Vrh nad Vipavsko dolino,vrh
Jama Vilenica,Ni podana
Iški Vintgar (Vrbica),Ni podana
Žalostna gora pri Preserju,vrh
Žalostna gora pri Preserju,cerkev
Krog,vrh
Vrh križa,vrh
Sveti Rupert nad Drago,vrh
Sveti Rupert nad Drago,cerkev
Sveti Kvirik,vrh
Sveti Kvirik,cerkev
Grad Kostel,vrh
Sveti Pavel (nad Ročinjem),vrh
Sveti Pavel (nad Ročinjem),cerkev
Izvir Nežice,slap
Prižnica,vrh
Tinjan,vrh
Tinjan,cerkev
Udornica Risnik,Ni podana
Sveti Duh (Pedrovo),cerkev
Pomjan,vrh
Pomjan,cerkev
Dom v Iškem Vintgarju,slap
Dom v Iškem Vintgarju,koča
Dom v Iškem Vintgarju,jezero
Orlovo gnezdo (Veli Badin),vrh
Divje jezero,jezero
Veliko Cerje,vrh
Sveti Lovrenc (Jezero),vrh
Sveti Lovrenc (Jezero),cerkev
Sveti Kvirin na Paljevem,cerkev
Dolina reke Glinščice / Val Rosandra,Ni podana
Dolina Drage,jezero
Izvir Ljubljanice (Retovje),Ni podana
Izvir Ljubljanice (Močilnik),koča
Izvir Ljubljanice (Močilnik),cerkev
Lopar,vrh
Lopar,cerkev
Jama Pečinka,Ni podana
Iški morost,Ni podana
Marezige,vrh
Marezige,koča
Marezige,cerkev
Orleška draga,Ni podana
Sveti Peter (Nad Ajbo),vrh
Sveti Peter (Nad Ajbo),cerkev
Sveti Duh (Sveti Peter),vrh
Sveti Duh (Sveti Peter),cerkev
Sveti Štefan (Zanigrad),cerkev
Stari grad Vipava,vrh
Lovsko zavetišče Kolombar,koča
Goli hrib,vrh
Kamno čelo (Mandrija),vrh
Kamno čelo (Mandrija),koča
Črni vrh (Iskra),vrh
Jurjev hrib,vrh
Slap potoka Struga,slap
Vanganelsko jezero,jezero
Strunjanski križ,vrh
Debeli rtič,Ni podana
Ankaran,Ni podana
Strunjanske soline,Ni podana
Triglav,vrh
Triglav,bivak
Montaž / Jôf di Montasio,vrh
Škrlatica,vrh
Mali Triglav,vrh
Mangart,vrh
Viš/Jof Fuart,vrh
Vrh Brda / Cima Verde,vrh
Visoki Rokav,vrh
Jalovec,vrh
Veliki Oltar,vrh
Velika Martuljška Ponca,vrh
Razor,vrh
Dolkova špica,vrh
Visoki Kanin,vrh
Mali Kanin,vrh
Kanjavec (Zahodni vrh),vrh
Kanjavec,vrh
Glava v Zaplanji,vrh
Rogljica,vrh
Prisank / Prisojnik,vrh
Rakova Špica,vrh
Dovški križ,vrh
Kredarica,vrh
Rž,vrh
Rjavina,vrh
Špik nad Nosom / Foronon del Buinz,vrh
Špik nad Nosom / Foronon del Buinz,bivak
Triglavska vojašnica Viktorja Emanuela III,Ni podana
Triglavski dom na Kredarici,vrh
Triglavski dom na Kredarici,koča
Triglavski dom na Kredarici,cerkev
Koštrunove špice,vrh
Mala Martuljška Ponca,vrh
Stenar,vrh
Spodnji Rokav,vrh
Prestreljenik,vrh
Široka peč,vrh
Poprovec,vrh
Teme (Hribarice),vrh
Veliki Ozebnik,vrh
Špik,vrh
Mišeljski Konec,vrh
Begunjski vrh,vrh
Planja,vrh
Vrh Laške Planje,vrh
Vršaki (Vzhodni vrh),vrh
Vrh Krnice,vrh
Vršaki (Južni vrh),vrh
Bivak Suringar,bivak
Kukova špica,vrh
Vršaki (Srednji vrh),vrh
Vršaki (Vrh za Koritami),vrh
Špik Hude police / Cima di Terrarossa,vrh
Pihavec,vrh
Špik nad Planjo / Punta Plagnis,vrh
Križ,vrh
Visoka Vrbanova špica,vrh
Lopa,vrh
Gubno,vrh
Dom Planika pod Triglavom,koča
Veliko Špičje,vrh
Cmir,vrh
Bovški Gamsovec,vrh
Prestreljeniško okno,Ni podana
Debeli vrh,vrh
Vrh Hribaric,vrh
Šplevta (Indijanec),vrh
Strma peč / Monte Cimone,vrh
Travnik (pri Mojstrovkah),vrh
Kucelj (Julijske Alpe),vrh
Vrh Osojnic,vrh
Kriški rob,vrh
Velika Mojstrovka,vrh
Šmarjetna glava,vrh
Spodnji Stenar,vrh
Zadnja Mojstrovka,vrh
Vrh Krnega dola / Monte Cregnedul,vrh
Kol,vrh
Mišelj vrh,vrh
Plaski Vogel,vrh
Bavški Grintavec,vrh
Briceljk,vrh
Vevnica,vrh
Vrh Snežne konte,vrh
Velika Črnelska špica,vrh
Mala Mojstrovka,vrh
Dom Valentina Staniča pod Triglavom,koča
Dom Valentina Staniča pod Triglavom,bivak
Zadnji Vogel,vrh
Mali Ozebnik,vrh
Žrd / Sart,vrh
Velika Zelnarica,vrh
Veliki Nabojs / Monte Nabois grande,vrh
Malo Špičje,vrh
Mala Zelnarica,vrh
Škednjovec,vrh
Spodnja Vrbanova špica,vrh
Konjc,vrh
Frdamane police,vrh
Tosc,vrh
Visoka Ponca,vrh
Šplevta,Ni podana
Strug,vrh
Dom Petra Skalarja na Kaninu,koča
Visoka Bela Špica / Cima Alta di Riobianco,vrh
Visoka Bela Špica / Cima Alta di Riobianco,bivak
Travnik,vrh
Krn,vrh
Veliki Draški vrh,vrh
Zadnja Ponca,vrh
Vrh Grubje,vrh
Srednja Ponca,vrh
Čelo,vrh
Srednji Vogel,vrh
Vernar,vrh
Rombon,vrh
Vodnikov Vršac (Vršac nad Zadnjico),vrh
Kopica,vrh
Plešivec (Loška stena),vrh
Gomiščkovo zavetišče na Krnu,koča
Gomiščkovo zavetišče na Krnu,bivak
Prvi Vogel,vrh
Bivak v Veliki Dnini,bivak
Vrh nad Peski,vrh
Batognica,vrh
Zgornje Kriško jezero,jezero
Koča na Doliču,koča
Koča na Doliču,sedlo
Bivak Tarvisio,bivak
Bivak Tarvisio,sedlo
Velika Baba (Kanin),vrh
Bela peč/Monte Bila pec,vrh
Krnčica,vrh
Teme,vrh
Kotovo sedlo,sedlo
Mali Draški vrh,vrh
Glava za Bajto,vrh
Jerebica,vrh
Veliki Babanski Skedenj,vrh
Šmihelovec,vrh
Bivak na Jezerih,bivak
Trentski Pelc,vrh
Vršac (nad Zadnjo Trento),vrh
Suhi vrh,vrh
Goličica,vrh
Cesar,vrh
Velika Tičarica,vrh
Zagorelec,vrh
Poldašnja špica/Jof di Miezegnot,vrh
Ogradi,vrh
Šitna glava,vrh
Tolminski Kuk,vrh
Zadnjiški Ozebnik,vrh
Sleme,vrh
Slatna,vrh
Prevalski Stog,vrh
Rigljica,vrh
Kamniti lovec / Cima del Cacciatore,vrh
Zasavska koča na Prehodavcih,vrh
Zasavska koča na Prehodavcih,koča
Zasavska koča na Prehodavcih,bivak
Mala Tičarica,vrh
Visoki Pipar,vrh
Zavetišče pod Špičkom,koča
Zavetišče pod Špičkom,bivak
Poldnik (Kopa) / Picco di Mezzodi,vrh
Podrta gora,vrh
Veliki Pršivec,vrh
Vrh nad Škrbino,vrh
Zeleni vrh,vrh
Pogačnikov dom na Kriških podih,vrh
Pogačnikov dom na Kriških podih,koča
Pogačnikov dom na Kriških podih,bivak
Viševnik,vrh
Cima Alta (Dve špici),vrh
Veliki Lemež,vrh
Bivak Marrusich,bivak
Bivak Marrusich,sedlo
Jezerski Stog,vrh
Na Pečeh,vrh
Srednji vrh (nad jezerom v Lužnici),vrh
Drobeče Sleme,vrh
Kreda,vrh
Eva,vrh
Velika Baba,vrh
Debela peč,vrh
Lopatnik,vrh
Adam,vrh
Cima Vildiver (Dve špici),vrh
Mahavšček,vrh
Brda,vrh
Rjavo jezero,jezero
Ablanca,vrh
Lanževica,vrh
Kal,vrh
Meja,vrh
Vrh nad Vodeno Rupo,vrh
Zeleno jezero,jezero
Vratni vrh,vrh
Vogel (nad Lepeno),vrh
Velika Bavha / Monte Robon,vrh
Bivak na Rušju,bivak
Draški rob,vrh
Bogatin,vrh
Pri Banderi,vrh
Lipanski vrh,vrh
Vrh Planje,vrh
Monte Gosadon,vrh
Raskovec,vrh
Rodica,vrh
Vrh Ovčje planje,vrh
Okroglež,vrh
Bivak pod Kotovim sedlom,bivak
Mrežce,vrh
Plešivec,vrh
Debeli vrh nad Lipanco,vrh
Velika Montura,vrh
Lopič / Monte Plauris,Ni podana
Vrh Leh,vrh
Veliki Selišnik,vrh
Bivak Gorizia,bivak
Mali Raskovec,vrh
Suha Rodica (Novi vrh),vrh
Veliki Šmohor,vrh
Prednje Robičje,vrh
Mali Šmohor,vrh
Matajurski vrh,vrh
Vrh Škrli,vrh
Macesnovec,vrh
Bela glava,vrh
Mala Ponca,vrh
Vogel,vrh
Rušnati vrh,vrh
Rdeči rob,vrh
Kraljevska špica/Monte Re,vrh
Slemenova špica,vrh
Slemenova špica,planina
Speleološki bivak Modonutti - Savoia,bivak
Speleološki bivak Modonutti - Savoia,sedlo
Bivak Bernardinis,bivak
Mangartska koča na Mangartskem sedlu,koča
Mala Rodica,vrh
Kser,vrh
Rušnata glava,vrh
Vrtaški vrh,vrh
Poljanski vrh,vrh
Vrh Krnic,vrh
Vrh Razora,vrh
Studorski preval,sedlo
Srednji Selišnik,vrh
Krniška glavica / Jof di Sompdogna,vrh
Krniška glavica / Jof di Sompdogna,bivak
Klečica,vrh
Velika Glava,vrh
Šija,vrh
Spodnje Kriško jezero,jezero
Krsteniški Stog,vrh
Konjski vrh,vrh
Čisti vrh,vrh
Rifugio Corsi,koča
Tolminski Migovec,vrh
Požgana Mlinarica,vrh
Vrh Planje (nad Globokim),vrh
Skutnik/Torre Guarda,vrh
Vrh Dlani,vrh
Bivak Nogara,bivak
Rifugio Gilberti,koča
Šober / Monte Sciober Grande,vrh
Žabiški Kuk,vrh
Črna prst,vrh
Črna prst,koča
Črna prst,bivak
Četrt,vrh
Jezero v Ledvicah,jezero
Kovačičeva glava,vrh
Visoka glava,vrh
Vodnikov dom na Velem polju,koča
Vodnikov dom na Velem polju,bivak
Stara koča na Kaninu,Ni podana
Pri treh macesnih,Ni podana
Vrtec,vrh
Jezero v Lužnici,jezero
Visoki Orlov rob,vrh
Škraplja,vrh
Plesišče,vrh
Kumlehova glava,vrh
Rušni vrh,vrh
Stadorski Orliči,vrh
Rušnata Mlinarica,vrh
Krasji vrh,vrh
Rigeljc,vrh
Veliki vrh (Polovnik),Ni podana
Čukla,vrh
Svete Višarje / Monte Lussari,vrh
Svete Višarje / Monte Lussari,koča
Svete Višarje / Monte Lussari,cerkev
Kurji vrh,vrh
Pršivec,vrh
Glave,vrh
Luknja,sedlo
Sovna glava,vrh
Zavitar,vrh
Visoka peč,vrh
Ciprnik,vrh
Vršič vrh,vrh
Skutnik /Monte Guarda,vrh
Planina Jezerce,jezero
Planina Jezerce,planina
Planina Zgornja Krma,planina
Veliki Karman / Monte Chiampon,Ni podana
Rutarski Vršič,vrh
Gradovec,vrh
Poštarski dom na Vršiču,koča
Koča pri Triglavskih jezerih,koča
Koča pri Triglavskih jezerih,jezero
Koča pri Triglavskih jezerih,bivak
Orlove glave,vrh
Velo polje,planina
Stol (Julijske Alpe),vrh
Planina Krstenica,planina
Na Glavi,vrh
Jehlc (Špičasta kupa),vrh
Rifugio di Brazza,koča
Rifugio di Brazza,bivak
Planina Ovčarija,planina
Zavetišče pod Ponco,bivak
Lisc (Lisec),vrh
Florjanka / Monte Florianca,vrh
Florjanka / Monte Florianca,jezero
Svinjak,vrh
Planina pod Mišelj vrhom,jezero
Planina pod Mišelj vrhom,planina
Matajur,vrh
Matajur,cerkev
Gabrovec (Veliki Muzec),vrh
Blejska koča na Lipanci,koča
Blejska koča na Lipanci,planina
Planina Viševnik,koča
Planina Viševnik,planina
Vošni vrh,vrh
Tičarjev dom na Vršiču,koča
Breški Jalovec / Punta di Montemaggiore,vrh
Muzec - Musc (Mali Muzec),vrh
Slatnik (severozahodni vrh),vrh
Možic,vrh
Planina za Migovcem,planina
Slatnik (jugovzhodni vrh),vrh
Nemške glave,vrh
Jerebikovec,vrh
Jerebikovec,bivak
Lovska koča Berebica,planina
Lovska koča Berebica,sedlo
Bivak Stuparich,bivak
Brinova glava,vrh
Šavnik,vrh
Grušnica,vrh
Višarska planina / Malga di Lussari,planina
Visoki Mavrinc,vrh
Planina v Lazu,planina
Planina Dedno Polje,planina
Planina Lopučnica,planina
Javoršček,vrh
Planina Klek,planina
Mojčin dom na Vitrancu,koča
Planja (nad Mangartsko planino),vrh
Bivak pod Muzcem,bivak
Bivak pod Muzcem,sedlo
Lajnar,vrh
Planina v Plazeh,planina
Planina v Plazeh,sedlo
Dravh,vrh
Dom na Matajure,koča
Požar,vrh
Kravja Črna gora,vrh
Visoka glava (na Matajurju),vrh
Mesnovec,vrh
Planinska koča Merjasec,koča
Viška planina,planina
Planina na Polju,planina
Lovska koča na Glinu,vrh
Erjavčeva koča na Vršiču,koča
Rifugio Cinque Punte,bivak
Dom na Komni,koča
Planina Ravna,bivak
Planina Ravna,planina
Planina Ravna,cerkev
Krevl,vrh
Koča pod Bogatinom,koča
Koča pod Bogatinom,planina
Planina Za skalo,planina
Malga Granuda,planina
Lovska koča Na Utrci,Ni podana
Rifugio Pellarini,koča
Lengarjeva glava,vrh
Kobla,vrh
Planina na Kalu,bivak
Planina na Kalu,planina
Nizki vrh,vrh
Črni vrh / Colrotondo,vrh
Planina Vodični vrh,planina
Javorov vrh (Pokljuka),vrh
Planina Govnjač,planina
Bivak pod Luknjo,bivak
Kobilja glava,vrh
Planina Poljana,planina
Vrtaška planina,bivak
Vrtaška planina,planina
Koča na Planini pri Jezeru,koča
Koča na Planini pri Jezeru,jezero
Koča na Planini pri Jezeru,bivak
Koča na Planini pri Jezeru,planina
Jalovnik,vrh
Planina Sleme,planina
Planina Sleme,sedlo
Laghetto di Somdogna,jezero
Risnati rob (Polevec),vrh
Planina Konjščica,koča
Planina Konjščica,planina
Rifugio Brunner,koča
Bivak pod Špikom,koča
Bivak pod Špikom,bivak
Planina Zadnji Vogel,planina
Planina Zgornja Gorjuda,bivak
Planina Zgornja Gorjuda,planina
Planina nad Sočo,planina
Planina Osredki,bivak
Planina Osredki,planina
Krnsko jezero,jezero
Krnsko jezero,planina
Mali vrh (na Mežakli),vrh
Rifugio Grego,koča
Rifugio Grego,bivak
Planina Zapotok,planina
Planina Suha,planina
Dom pri Krnskih jezerih,koča
Dom pri Krnskih jezerih,bivak
Tonkina koča na Vršiču,koča
Rifugio Zacchi,koča
Planica pod Krnom,vrh
Lipenšči hrib,vrh
Mali Karman / Monte Cuarnan,Ni podana
Javor (nad Tolminskimi Ravnami),vrh
Mrzli vrh nad planino Pretovč,vrh
Planina Strehica,planina
Mrzli vrh (na Matajurju),vrh
Črna gora,vrh
Črna gora,bivak
Orožnova koča na planini za Liscem,koča
Orožnova koča na planini za Liscem,planina
Škrbinjek,vrh
Bivak Za Akom,bivak
Planina Za Črno goro,planina
Planina Goričica,planina
Frčkova planina,planina
Srednji vrh (na Matajurju),vrh
Planina za Šavnikom,bivak
Planina za Šavnikom,planina
Koča na planini Razor,koča
Koča na planini Razor,bivak
Koča na planini Razor,planina
Kota 1313,vrh
Koča na Soriški planini,koča
Koča na Soriški planini,planina
Planina Dobrenjščica,planina
Lovska koča Bala,Ni podana
Mangartska planina,planina
Črno jezero,jezero
Planina Zajavornik,planina
Planina Zajamniki,koča
Planina Zajamniki,planina
Vrh Bače,sedlo
Rečiška planina,planina
Galetovec,vrh
Berjanca,vrh
Zgornji Goreljek (Pokljuka),koča
Zgornji Goreljek (Pokljuka),planina
Zgornji Goreljek (Pokljuka),cerkev
Planina Krnica,planina
Idrska planina,planina
Planina Zgornja Grintovica,planina
Turn (nad Bohinjsko Belo),vrh
Planina Berebica,planina
Planina Zagreben,planina
Belska planina,planina
Izvir Nadiže,slap
Planina Zgornji Kozjek,planina
Planina Leskovca,planina
Koča na Gozdu,koča
Bivak Hlek,bivak
Spodnji Goreljek (Pokljuka),planina
Italijanska vojaška kapela na Planici,cerkev
Svinska planina,planina
Grajska planina (Ribšca),jezero
Grajska planina (Ribšca),planina
Škrbina (Mežakla),vrh
Planina Zaprikraj,planina
Lovska koča Mali Vokel,Ni podana
Lovčev bivak Pri Koucah,Ni podana
Police,vrh
Planina Bala,planina
Planina Spodnja Grintovica,planina
Planina Ilovec,planina
Planina Pretovč,planina
Planina Pretovč,sedlo
Bivak na Črniku,bivak
Koča na Uskovnici,koča
Koča na Uskovnici,planina
Koča na Uskovnici,cerkev
Zgornji Martuljkov slap,slap
Planina Blato,planina
Gozdarska koča Mali Vokel,Ni podana
Zapotoški slapovi,slap
Planina Medrja,planina
Snežna jama na Mežakli,Ni podana
Ruska kapelica,cerkev
Bedančev dom,koča
Koča v Krnici,koča
Dom v Tamarju,koča
Dom v Tamarju,planina
Dom v Tamarju,cerkev
Hotunjski vrh,vrh
Planina Lom,planina
Planina Lom,sedlo
Mihov dom na Vršiču,koča
Kobala,vrh
Malga Cuarnan,koča
Planina v Prodih,planina
Kosijev dom na Vogarju,koča
Kosijev dom na Vogarju,planina
Slapovi v Kotu,slap
Partizanska bolnišnica na Mežakli,Ni podana
Koča na planini Stador,koča
Koča na planini Stador,planina
Kup,vrh
Planina Obranica,koča
Planina Obranica,planina
Planinsko zavetišče Slatna,koča
Vodnikov razglednik,vrh
Aljažev dom v Vratih,koča
Aljažev dom v Vratih,bivak
Aljažev dom v Vratih,cerkev
Jezerska planina / Alpe del Lago,planina
Planina za Jamo,planina
Studor,vrh
Studor,jezero
Studor,planina
Koča na planini Kuhinja,koča
Koča na planini Kuhinja,planina
Klatnica,Ni podana
Planina Laška seč,planina
Izvir Soče,slap
Sveta Marjeta pod Stolom,cerkev
Ožarjeni kamen,Ni podana
Planina Ravne,planina
Slap Suha,slap
Rudnica,vrh
Boršt,vrh
Slap Zaročenca,slap
Ingotova koča na planini Jesenje,koča
Ingotova koča na planini Jesenje,planina
Ingotova koča na planini Jesenje,cerkev
Zgornje Mangartsko jezero,koča
Zgornje Mangartsko jezero,jezero
Spodnje Mangartsko jezero,koča
Spodnje Mangartsko jezero,jezero
Planina Rčitno,planina
Kres nad Kočno,vrh
Planina Blatce,planina
Kovinarska koča v Krmi,koča
Kovinarska koča v Krmi,planina
Vrše,vrh
Izvir Boke,Ni podana
Slap Peričnik - zgornji slap,slap
Spodnji Martuljkov slap,slap
Zelenci,jezero
Grančišče,vrh
Logje,planina
Hom pri Bledu,vrh
Jezero Jasna,koča
Jezero Jasna,jezero
Pokljuška soteska (luknja),Ni podana
Poljanska baba,vrh
Brezje / Montemaggiore,Ni podana
Sv. Peter in Pavel (Perati),cerkev
Humčič,Ni podana
Žerjavec (Kavče),vrh
Koča na Petrovem Brdu,koča
Koča na Petrovem Brdu,sedlo
Planina Črča,planina
Slap Peričnik - spodnji slap,slap
Slap Savica,slap
Slap Savica,jezero
Počitniški dom v Možnici,koča
Počitniški dom v Možnici,bivak
Kamin Široka polica,Ni podana
Slap Mostnice,slap
Rio Bianco / Beli potok,slap
Korita Mlinarice,slap
Sveti Lenart (Bača pri Podbrdu),cerkev
Koča pri Peričniku,koča
Slap Slatenik,slap
Okrepčevalnica Slap Voje,koča
Gogalova lipa,Ni podana
Mladinski izobraževalni center v Bavšici,planina
Jamnikov spodmol,Ni podana
Belopotoški slap,slap
Jezero Kreda,jezero
Dolina Škratov,Ni podana
Slap Parabola,slap
Slap Parabola,jezero
Izvir Tolminke,planina
Mala Osojnica,vrh
Koča na Vojah,koča
Gorejca,slap
Slap Boka,slap
Jezero Kreda v dolini Radovne,jezero
Izvir Bele,Ni podana
Izvir Lipnika,Ni podana
Spominsko obeležje Aleš Kunaver,Ni podana
Jezerce v dolini Radovne,jezero
Koča pri Savici,koča
Peč (razgledišče),vrh
Straža,vrh
Marija Snežna v Breginjskem kotu,vrh
Marija Snežna v Breginjskem kotu,cerkev
Sveta Katarina na Homu,cerkev
Izvir Bohinjske Bistrice,slap
Poglejska cerkev,Ni podana
Dobra gora,vrh
Blejski grad,Ni podana
Ribenska gora,vrh
Ajdovski gradec,vrh
Korita Možnice (Nemčlje),slap
Javorca,planina
Javorca,cerkev
Jama Srnica,Ni podana
Iglica,vrh
Iglica,slap
Sveti Janez Krstnik (Ribčev Laz),jezero
Sveti Janez Krstnik (Ribčev Laz),cerkev
Slap Šum v Blejskem Vintgarju,slap
Mlina peč,vrh
Žičnica čez Tolminko,Ni podana
Tonovcov grad pri Kobaridu,vrh
Gradišče (Bodešče),vrh
Sveti Lenart (Bodešče),cerkev
Velika korita Soče,Ni podana
Blejsko jezero,jezero
Blejsko jezero,cerkev
Slap Beri,slap
Izvir Glijuna,Ni podana
Mala Boka,Ni podana
Kozlov rob,vrh
Slap Sopota (Soupat),slap
Slap Virje,slap
Slap Virje,jezero
Gregorčičev slap,slap
Korita Soče pri Kršovcu,Ni podana
Slap Veliki Kozjak,slap
Slap Veliki Kozjak,jezero
Slap Mali Kozjak,slap
Tolminska korita,Ni podana
Grintovec,vrh
Jezerska Kočna,vrh
Skuta,vrh
Kokrska Kočna,vrh
Na Križu (Kokrska Kočna),vrh
Dolgi hrbet,vrh
Štruca,vrh
Kranjska Rinka,vrh
Koroška Rinka (Križ),vrh
Planjava - zahodni vrh,vrh
Planjava,vrh
Štajerska Rinka,vrh
Ojstrica,vrh
Lučka Brana (Baba),vrh
Mala Rinka,vrh
Brana,vrh
Turska gora,vrh
Kalški greben,vrh
Mrzla gora,vrh
Storžič,vrh
Najvišji rob (Zeleniške špice),vrh
Velika (Koroška) Baba,vrh
Velika Zelenica,vrh
Storžek,vrh
Veliki vrh (Veža),vrh
Ledinski vrh,vrh
Kogel,vrh
Bivak pod Grintovcem,bivak
Krofička,vrh
Bivak pod Skuto,bivak
Velika Raduha,vrh
Kalška gora,vrh
Mala Raduha,vrh
Molička peč,vrh
Lučki Dedec,vrh
Mala Ojstrica,vrh
Vrh Korena,vrh
Kompotela,vrh
Tolsti vrh (Veža),vrh
Vršiči,vrh
Bivak pod Mrzlim vrhom,bivak
Košutna,vrh
Veliki Zvoh,vrh
Veliki Zvoh,jezero
Deska (Veža),vrh
Vežica,vrh
Dleskovec,vrh
Matkova kopa,vrh
Bivak v Kočni,bivak
Lanež,vrh
Jamarski bivak na Dleskovški planoti,bivak
Križevnik,vrh
Rjavčki vrh (Planinšca),vrh
Kamniška koča na Kamniškem sedlu,koča
Kamniška koča na Kamniškem sedlu,bivak
Kamniška koča na Kamniškem sedlu,sedlo
Krvavec,vrh
Mokrica,vrh
Srednji vrh,vrh
Vodotočno jezero (Veža),jezero
Vodotočno jezero (Veža),planina
Lastovec,vrh
Planina Dolga trata,bivak
Planina Dolga trata,planina
Rzenik,vrh
Cjanovca,vrh
Mali Grintovec,vrh
Jelovec,vrh
Kocbekov dom na Korošici,koča
Kocbekov dom na Korošici,bivak
Kocbekov dom na Korošici,planina
Konj,vrh
Vratca,vrh
Cojzova koča na Kokrskem sedlu,koča
Cojzova koča na Kokrskem sedlu,bivak
Cojzova koča na Kokrskem sedlu,sedlo
Goli vrh,vrh
Kapelica na Molički planini,koča
Kapelica na Molički planini,planina
Kapelica na Molički planini,sedlo
Kapelica na Molički planini,cerkev
Planina Košutna,planina
Planina Košutna,cerkev
Strelovec,vrh
Bašeljski vrh,vrh
Veliki vrh,vrh
Licjanovec,vrh
Tolsti vrh,vrh
Kranjska koča na Ledinah,koča
Kranjska koča na Ledinah,bivak
Planina Polšak,planina
Planina Dolga njiva (Krvavec),planina
Komen,vrh
Komen,cerkev
Dom na Krvavcu,koča
Dom na Krvavcu,planina
Planina Koren,planina
Gradišče (Velika planina),vrh
Gradišče (Velika planina),planina
Kržišče (Pokovše),vrh
Planina Rzenik,planina
Koritni vrh (Velika planina),vrh
Veliki Travnik,vrh
Šentanski vrh,vrh
Dobrča,vrh
Kozji vrh,vrh
Krnes,vrh
Gostišče Zeleni Rob,koča
Gostišče Zeleni Rob,planina
Hotel Krvavec,koča
Hotel Krvavec,planina
Planina Dolga njiva,planina
Planina Javorje,planina
Vrata,vrh
Boskovec,vrh
Kamniški Dedec,vrh
Smrekovec,vrh
Medvedjak,vrh
Planina Vodole,planina
Poljanski rob,vrh
Poljanski rob,planina
Planina Arta,planina
Planina Podvežak,planina
Kapela Marije Snežne (Velika planina),vrh
Kapela Marije Snežne (Velika planina),planina
Kapela Marije Snežne (Velika planina),cerkev
Veliki Rogatec (Veliki Rogac),vrh
Koča na Travniku,koča
Koča na Travniku,bivak
Koča na Travniku,planina
Češka koča na Spodnjih Ravneh,koča
Češka koča na Spodnjih Ravneh,bivak
Veliki vrh nad Matkovim kotom,vrh
Logarska peč,vrh
Koča na Loki pod Raduho,koča
Koča na Loki pod Raduho,planina
Koča na Loki pod Raduho,cerkev
Domžalski dom na Mali planini,koča
Domžalski dom na Mali planini,planina
Dom na Kališču,koča
Mali Travnik,vrh
Koča na Treh plotih,koča
Koča na Treh plotih,jezero
Koča na Treh plotih,sedlo
Črnuški dom na Mali planini,koča
Črnuški dom na Mali planini,planina
Icmanikova planina,planina
Icmanikova planina,sedlo
Knezova planina,planina
Jarški dom na Mali planini,koča
Jarški dom na Mali planini,planina
Vivodnik,vrh
Planina Konjščica (Velika planina),planina
Planina Ravne,planina
Planina Mali Travnik,planina
Špic,vrh
Jenkova planina,planina
Jenkova planina,sedlo
Dom na Gospincu (Hotel Rozka),koča
Dom na Gospincu (Hotel Rozka),planina
Kriška planina,koča
Kriška planina,planina
Grebenc,vrh
Koča na Dobrči,koča
Koča na Kriški gori,koča
Javorca (Golte),planina
Koča na Grohatu,koča
Koča na Grohatu,planina
Visoki vrh nad Jezerskim,vrh
Dom na Menini planini,koča
Dom na Menini planini,planina
Dom na Menini planini,cerkev
Račka vrata,Ni podana
Planina Kališče,planina
Lešanska planina,koča
Lešanska planina,planina
Kranjska reber,vrh
Javorov vrh,vrh
Turni (pri Kozjem vrhu),vrh
Pri Pastirjih,bivak
Pri Pastirjih,planina
Goli vrh (Šavnice),vrh
Lepenatka,vrh
Čisovec,vrh
Planina Jezerca,planina
Hotel Golte,koča
Hotel Golte,planina
Velika Poljana,koča
Velika Poljana,planina
Velika Poljana,sedlo
Javornik nad Jezerskim,vrh
Dom na Okrešlju,koča
Dom na Okrešlju,bivak
Dom na Okrešlju,planina
Krničarjeva koča na planini Javornik,planina
Praprotnikova koča,Ni podana
Dom na Smrekovcu,koča
Mozirska koča na Golteh,koča
Knezova planina (Planina Bela peč),planina
Knezova planina (Planina Bela peč),sedlo
Slap Čedca,slap
Kunšperski vrh (Brezovec),vrh
Povšnarjeva planina,planina
Zavetišče v Hudičevem borštu,Ni podana
Izletniška kmetija Bukovc (Bukovnik),koča
Izletniška kmetija Bukovc (Bukovnik),planina
Bezovec,vrh
Mala Poljana,koča
Mala Poljana,planina
Planina Vodol,planina
Ovča koča,planina
Plesnikova planina,planina
Kašna planina,planina
Planina Dol,planina
Lovska koča Črnevka,Ni podana
Zavetišče na Biba planini,koča
Zavetišče na Biba planini,planina
Murijeva planina,planina
Bivak na Kalu,koča
Bivak na Kalu,sedlo
Potoška gora,vrh
Skubrov vrh,vrh
Dom na Kisovcu,koča
Dom na Kisovcu,planina
Kamniški vrh,vrh
Kamniški vrh,bivak
Planjava pri Kamniškem vrhu,vrh
Turni,vrh
Mali Rogatec (Mali Rogac),vrh
Partizanska bolnica Mrzle vode,Ni podana
Planina Marjanine njive,planina
Koča na Klemenči jami,koča
Koča na Klemenči jami,planina
Ojstri vrh (nad Prevalo),vrh
Kopa (Belska Kopa),vrh
Planina Travnik,planina
Počka (Robnikova) planina,planina
Prevala,planina
Prevala,sedlo
Škrbina (Slaparjeva gora),vrh
Pleče,vrh
Dom pod Storžičem,koča
Smokuški vrh,vrh
Orlovo gnezdo (Slap Rinka),slap
Orlovo gnezdo (Slap Rinka),koča
Baba,vrh
Mihčeva kopišča,planina
Breška planina,planina
Planina Osredek,planina
Mešenik,vrh
Ambrož pod Krvavcem,koča
Ambrož pod Krvavcem,planina
Ambrož pod Krvavcem,cerkev
Tolsti vrh (Dobrovlje),vrh
Planina Ravni,planina
Bistriška planina,planina
Bistriška planina,sedlo
Sveti Križ nad Belimi Vodami,vrh
Sveti Križ nad Belimi Vodami,cerkev
Vaško,vrh
Kopa (Partizanski vrh),vrh
Prgozdnik,vrh
Smolnik,vrh
Vrhe,vrh
Planinska koča Iskra na Jakobu,koča
Planinska koča Iskra na Jakobu,cerkev
Sveti Jošt nad Vranskim,cerkev
Sveta Mati Božja na Čreti,cerkev
Sveti Ahac (Kališe),cerkev
Vovar,vrh
Planinska koča pri Franciju,koča
Sveti Lenart nad Gornjim Gradom,cerkev
Planica (vzletišče Gozd),vrh
Matkov kot,Ni podana
Skutman,vrh
Grmada (Dobrovlje),vrh
Sveti Lovrenc (Bašelj),cerkev
Zavetišče v Gozdu,koča
Zavetišče v Gozdu,cerkev
Robanova planina,planina
Lomek (Lom),vrh
Sveti Primož nad Ljubnim,cerkev
Gradišče (Pustinjak),vrh
Dom na Čreti,koča
Dom na Čreti,cerkev
Slap Orglice,slap
Sankaška koča,koča
Mali vrh nad Završnico,vrh
Sveti Janez in Pavel (Dobrovlje),planina
Sveti Janez in Pavel (Dobrovlje),sedlo
Sveti Janez in Pavel (Dobrovlje),cerkev
Dom na Lovrencu (Bašelj),koča
Bezovec (Dobrovlje),vrh
Sveti Vid (nad Zgornjim Tuhinjem),cerkev
Cerkev sv. Petra nad Črno pri Kamniku,cerkev
Zapečnikova planina,planina
Sveti Peter nad Begunjami,cerkev
Dom Čemšenik,koča
Sveti Primož nad Kamnikom,koča
Sveti Primož nad Kamnikom,cerkev
Korošaški slapovi,slap
Razgledišče Skroti,Ni podana
Sveti Miklavž na Gori,vrh
Sveti Miklavž na Gori,cerkev
Tominčev slap,slap
Štefanja gora,vrh
Štefanja gora,cerkev
Dom na Dobrovljah,koča
Sveti Florjan nad Gornjim Gradom,cerkev
Apnišče,vrh
Gora Oljka,vrh
Gora Oljka,koča
Gora Oljka,cerkev
Slap Palenk,slap
Stiška vas,cerkev
Sveti Lovrenc nad Zabreznico,vrh
Sveti Lovrenc nad Zabreznico,cerkev
Jamna peč,Ni podana
Vrholanov vrh (Ravne pri Šoštanju),vrh
Dom planincev Farbanca,koča
Sveti Nikolaj (Možjanca),cerkev
Spominski park v Kamniški Bistrici,Ni podana
Sveta Neža (Brezje pri Tržiču),cerkev
Sveti Jurij nad Tržičem,vrh
Sveti Jurij nad Tržičem,cerkev
Šenturška Gora,vrh
Šenturška Gora,koča
Šenturška Gora,cerkev
Grad Gutenberk (Hudi grad),vrh
Sv. Miklavž nad Mačami,cerkev
Novi grad (Pusti grad),vrh
Grad Kamen,Ni podana
Brezovec,vrh
Dom v Kamniški Bistrici,koča
Dom v Kamniški Bistrici,jezero
Dom v Kamniški Bistrici,cerkev
Koželj,vrh
Veliko Gradišče,vrh
Senčnica Josipine Turnograjske,vrh
Planinski dom Šentjungert,vrh
Planinski dom Šentjungert,koča
Planinski dom Šentjungert,cerkev
Sevčnik,vrh
Malo Gradišče,vrh
Sveti Jakob (Jakec),cerkev
Kriva jelka,bivak
Brunški vrh,vrh
Mokrišče Blata,Ni podana
Sebenje,Ni podana
Lipnik (pri Velenju),vrh
Bazilika Marije Pomagaj na Brezjah,cerkev
Sveta Ana (Tunjice),vrh
Sveta Ana (Tunjice),cerkev
V Boštkú,Ni podana
Vinski vrh (Vimperk),vrh
Vinski vrh (Vimperk),cerkev
Grad Velenje,vrh
Slap Peračica,slap
Slap Peračica,jezero
Šobčev bajer,jezero
Turistična kmetija Trnovc,koča
Grad Žovnek,vrh
Šoštanj,Ni podana
Planinski dom Milana Šinkovca,koča
Stol,vrh
Vrtača,vrh
Prešernova koča na Stolu,vrh
Prešernova koča na Stolu,koča
Kepa,vrh
Ojstrc / Hochobir,vrh
Košutnikov turn,vrh
Kordeževa glava (Peca),vrh
Bistriška špica/Feistritzer Spitze,vrh
Končnikov vrh,vrh
Vajnež,vrh
Celovška špica,vrh
Veliko Kladivo,vrh
Veliki vrh (Košuta),vrh
Dovška Mala Kepa,vrh
Velika glava,vrh
Veška kopa/Wackendorfer Spitze,vrh
Begunjščica,vrh
Tolsta Košuta - Vzhodni vrh,vrh
Malo Kladivo,vrh
Gubno,vrh
Tolsta Košuta - Zahodni vrh,vrh
Palec,vrh
Pungartska gora,vrh
Ovčji vrh (Kozjak) / Geissberg (Kosiak),vrh
Zelenjak,vrh
Mali vrh,vrh
Kravji vrh / Kuhberg,vrh
Potoški Stol,vrh
Toplar,vrh
Begunjska Vrtača,vrh
Košutica,vrh
Kofce gora,vrh
Cjajnik / Lärchenturm,vrh
Svačica,vrh
Struška,vrh
Trupejevo poldne,vrh
Govca (Olševa),vrh
Bele peči (Lepi vrh),vrh
Setiče/Freiberg,vrh
Srednja peč,vrh
Žleb (Suho ruševje),sedlo
Obel kamen (Olševa),vrh
Dovška Baba,vrh
Škrbina,sedlo
Murnovc,vrh
Kamnitnik,vrh
Grlovec / Ferlacher Horn,vrh
Kresišče,vrh
Golica,vrh
Visoki vrh,vrh
Kraguljše,vrh
Maloško poldne / Mallestiger Mittagskogel,vrh
Mojstrovica,vrh
Lokovnikov Grintovec / Grintoutz,vrh
Plešivec,vrh
Ostra peč / Mallestiger Mittagskogel,vrh
Srednji vrh (nad Završnico),vrh
Rjavca / Rjautza,vrh
Na Možeh,vrh
Krvavka,vrh
Hruški vrh,vrh
Pristovški Storžič / Kärntner Storschitz,vrh
Koprivnjak / Kleiner Frauenkogel,vrh
Klek,vrh
Bivak na Belščici,bivak
Bivak na Belščici,planina
Zajčnik,vrh
Zajmenove peči,vrh
Kamnica (Komnica) / Ferlacher Spitze,vrh
Mala Košuta,vrh
Vošca,vrh
Mala Peca,vrh
Tamarča,vrh
Hajnžev Praprotnik / Zeller Prapotnik,vrh
Veliki Javornik (Ženiklovec),vrh
Vrh Ljubeljščice (Triangel),vrh
Hajnževo sedlo,sedlo
Belska planina (Svečica),koča
Belska planina (Svečica),planina
Uršlja gora (Plešivec),vrh
Uršlja gora (Plešivec),koča
Uršlja gora (Plešivec),cerkev
Planina Seča,planina
Planina Seča,sedlo
Alpengasthof Siebenhütten,koča
Alpengasthof Siebenhütten,jezero
Alpengasthof Siebenhütten,planina
Alpengasthof Siebenhütten,cerkev
Stegovnik,vrh
Mačenski vrh / Matschacher Gupf,vrh
Mali Javornik,vrh
Spodnji Plot,vrh
Dom na Uršlji gori,koča
Dom na Uršlji gori,cerkev
Grpišca,vrh
Hrašenska planina,planina
Votlina Kralja Matjaža,Ni podana
Pečovnik (kota 1668),vrh
Javorče,vrh
Dom na Peci,koča
Bela peč / Weiße Wand,vrh
Celovška koča / Klagenfurter Hutte,koča
Celovška koča / Klagenfurter Hutte,planina
Potočka zijalka,Ni podana
Kosmatica / Kosmatitza,vrh
Kamnati vrh,vrh
Roblekov dom na Begunjščici,koča
Roblekov dom na Begunjščici,bivak
Roblekov dom na Begunjščici,planina
Virnikov Grintovec,vrh
Planina Dovška Rožca,koča
Planina Dovška Rožca,planina
Visoka Bavha,vrh
Topica/Topitza,vrh
Mala Golica,vrh
Pečovnik,vrh
Veliki vrh nad Komatevro,vrh
Blekova planina,bivak
Blekova planina,planina
Blekova planina,sedlo
Macna / Matzen,vrh
Jerebikovec,vrh
Ruš,vrh
Sveta peč / Helige Wand,vrh
Čofatijev vrh,vrh
Žingarica / Singerberg,vrh
Rožca,planina
Rožca,sedlo
Bela peč,vrh
Koča na Golici,koča
Koča na Golici,planina
Planina Zgornja Dolga njiva,planina
Planina Zgornja Konjščica,planina
Planina Zgornja Konjščica,sedlo
Sinski vrh / Sinacher Gupf,vrh
Ojstra / Oistra,vrh
Planina Zgornja Luža,planina
Vgrizeva planina / Ogrisalm,planina
Veška planina / Wackendorfer Alm,koča
Veška planina / Wackendorfer Alm,planina
Veška planina / Wackendorfer Alm,cerkev
Planina Korošica,koča
Planina Korošica,planina
Rekaršica,sedlo
Kapelška koča / Eisenkappler Hütte,koča
Kapelška koča / Eisenkappler Hütte,planina
Petelinjek (nad Korenskim sedlom),vrh
Stara gora / Altberg,vrh
Špičasti vrh / Spitzberg,vrh
Ptičji vrh,vrh
Planina Javornik,planina
Snežnik (nad Koprivno),vrh
Dom na Zelenici,koča
Sveta Ana (Macna) / St. Anna (Matzen),cerkev
Zavetišče na planini Šija,koča
Zavetišče na planini Šija,planina
Koča Berta / Bertahütte,koča
Šoparjev vrh,vrh
Mejnik,vrh
Požgani rob,vrh
Peč (Tromeja),vrh
Planica,vrh
Bukovec,vrh
Polna peč,vrh
"Lipševa vrata (Vrata, Felsentore)",Ni podana
Žerjavov Praprotnik / Loibler Prapotnik,vrh
Kopa / Monte Coppa,vrh
Dom na Kofcah,koča
Dom na Kofcah,planina
Dom na Kofcah,cerkev
Jureževa planina,planina
Borovje,vrh
Rabenberg,vrh
Veliki Rob / Großer Rain,vrh
Planina Ilovica,planina
Bela peč (nad Dovjem),vrh
Planina Spodnja Konjščica,planina
Spominska plošča Jožeta Rozmana,Ni podana
Borovski vrh (Žehtar) / Sechter,vrh
Koča Pr Zdravc,koča
Planina Pungrat,planina
Črna peč,vrh
Kališje,vrh
Tegoška planina,planina
Dom pri izviru Završnice,koča
Dom pri izviru Završnice,planina
Lovska koča na Brvogih,Ni podana
Dreiländereck Hütte,koča
Dreiländereck Hütte,planina
Dreiländereck Hütte,sedlo
Plešivška kopa (Kozarnica),vrh
Potočnikova planina,planina
Planina Rožca / Roschitzaalm,planina
Planina Spodnja Dolga njiva,koča
Planina Spodnja Dolga njiva,planina
Planina Stamare,planina
Robič,vrh
Jeseniška planina,planina
Hruška planina,koča
Hruška planina,planina
Koča na Ljubelju,koča
Koča na Ljubelju,sedlo
Planina Brsnina,planina
Planina Možine,planina
Veronjak / Hausberg,vrh
Hofovška planina / Hoffmansalpe,planina
Španov vrh,vrh
Sveti Lenart / St. Leonhard,cerkev
Planina Rep (Repija),planina
Primožkovi hribi,vrh
Lovska koča nad Doslovško planino,Ni podana
Robniške peči,vrh
Bivak brez meja / Bivacco Senza Confini,bivak
Bivak brez meja / Bivacco Senza Confini,sedlo
Na pečeh pri Črnem Vrhu,vrh
Koča na planini Preval-a,koča
Koča na planini Preval-a,planina
Govševa planina,planina
Penatca,vrh
Pusti Rovt,planina
Koča Vrtača,koča
Roblekova planina,planina
Roblekova planina,sedlo
Lovska koča Stanič,planina
Koča pod Košuto / Koschutahaus,koča
Golarjeva peč,vrh
Močnikova planina,planina
Marija Snežna (Kavalar) / Madonna della Neve,planina
Marija Snežna (Kavalar) / Madonna della Neve,cerkev
Obirska planina,planina
Basališče (Paški Kozjak),vrh
Planina Kladje / Quadiaalm,planina
Potoška planina,koča
Potoška planina,planina
Vetrh vrh,vrh
Markljev Rovt,planina
Planina Luža,planina
Planina Luža,sedlo
Velika Boncla,vrh
Sveti Duh pod Olševo,cerkev
Izvir reke Meže,Ni podana
Božičev vrh / Boschitzberg,vrh
Štrukljev vrh,vrh
Zabreška planina,planina
Tolsti vrh (pri Poljški planini),vrh
Planinski dom na kmetiji Kumer,koča
Sveta Ana v Koprivni,cerkev
Doslovška planina,planina
Medvodnica,vrh
Žirovniška planina,planina
Rovt Vrse,planina
Jesenik (Jesenikov vrh),vrh
Hom (nad Prevaljami),vrh
Brdo (Plezališče pod Golico),vrh
Ostrica,vrh
Valvasorjev dom pod Stolom,koča
Tomčeva koča na Poljški planini,koča
Tomčeva koča na Poljški planini,planina
Veliki vrh (nad Mežiško dolino),vrh
Virnikova planina,planina
Smučarski dom Črni vrh,koča
Šumahov vrh,vrh
Pikov vrh,vrh
Dom na Tromeji,koča
Alničje,vrh
Hribarska (Huda) zijalka,Ni podana
Planina Planinca,koča
Planina Planinca,planina
Mala Boncla (Bavha),vrh
Planina Goreljše,planina
Žmitkov špic,vrh
Železna (Kisla) voda,Ni podana
Zavetišče na Kalu,koča
Zavetišče na Kalu,sedlo
Špik (Paški Kozjak),vrh
Erjavčev rovt (Planina Mlinca),planina
Jelenkamen,vrh
Stenica,vrh
Blažčeva skala,vrh
Planina Dolžanka,planina
Arihova peč / Arichwand,vrh
Andrejev dom na Slemenu,koča
Koča nad Arihovo pečjo / Rossalmhütte,koča
Koča nad Arihovo pečjo / Rossalmhütte,planina
Pogorevc,vrh
Smolnik,vrh
Sveti Vid pod Jernejevim vrhom,sedlo
Sveti Vid pod Jernejevim vrhom,cerkev
Koča na Naravskih ledinah,koča
Sveti Jošt na Paškem Kozjaku,cerkev
Sveti Jakob v Koprivni,vrh
Sveti Jakob v Koprivni,cerkev
Kapelica Marijina roka (Stenica),cerkev
Ajdna,vrh
Partizanska bolnica Krtina,Ni podana
Bivak Suška bajta,bivak
Sveta Ana (Ljubelj),cerkev
Planina Zali potok,planina
Mirca,vrh
Veliki Mošenik / Große Muschenig,vrh
Stolpnik,vrh
Plakopec (Brezejec),vrh
Izvir Javornika,jezero
Špicasti vrh (Kislica),vrh
Koča na Pikovem,koča
Koča na Pikovem,cerkev
Visoko,vrh
Sv. Mihael (Rute (Zavrh)) / St. Michael (Bärental),cerkev
Boč,Ni podana
Dom Pristava v Javorniškem Rovtu,koča
Ramšakov vrh,vrh
Veliki vrh nad Završnikom,vrh
Stara cerkev sv. Ožbolta (Jezersko),cerkev
Dom na Paškem Kozjaku,koča
Brunarica Krmiše,koča
Srnjak,koča
Radojč,vrh
Podgorska planina / Maria Elender Alm,planina
Smodivnik,vrh
Hvadnik,Ni podana
Slapovi v Preski,slap
Andrejev vrh,vrh
Jerman,Ni podana
Volinjak,vrh
Donačka gora,vrh
Donačka gora (vzhodni vrh),vrh
Fričev vrh,vrh
Rokov vrh / Rochusberg,vrh
Stropnica,vrh
Kamnek,vrh
Stegovniški slap,slap
Veliki Juhej,vrh
Stropnik,vrh
Gank,vrh
Malnež,vrh
Gora sv. Eme (Junska gora) / Hemmaberg,vrh
Gora sv. Eme (Junska gora) / Hemmaberg,cerkev
Turška jama v Gozdašnici,Ni podana
Lovska koča Štepih,Ni podana
Plešivec,vrh
Časov vrh,vrh
Mali Juhej,vrh
Sveti Rupert (Završe),vrh
Sveti Rupert (Završe),koča
Sveti Rupert (Završe),cerkev
Sveti Vid (Završe),vrh
Sveti Vid (Završe),cerkev
Kapelica Srca Jezusovega (Jelendol),cerkev
Vinska gora,vrh
Poštarski dom pod Plešivcem,koča
Slapovi Dobršnik,slap
Grobnica barona Borna,Ni podana
Črepič,vrh
Temnjak,vrh
Štalekarjev vrh,vrh
Kršiše,vrh
Kalvarija nad Jesenicami,vrh
Skalni vrh (Vodemla),vrh
Lubela,vrh
Kozjek,vrh
Slap pod Gozdašnico,slap
Slap pod Kurico,slap
Skala,vrh
Soteska Čepa/Tscheppaschlucht,Ni podana
Kapelica sv. Barbare na Pejcah,cerkev
Kušpergarjev turn (Kušpergarjevi turni),vrh
Kozjek (nad Socko),vrh
Gradišče nad Sotesko (Soteska),vrh
RIS Dolina (Dovžanova soteska),Ni podana
Maceljska gora,vrh
Strana,vrh
Čopov rovt,planina
Slapišče pod Kalvarijo,slap
Dom na Boču,koča
Dom na Boču,cerkev
Grad Lindek,vrh
Javorniški slapovi,slap
Soteska Mučevo,Ni podana
Dom v Dragi,koča
Ravnocerje,vrh
Leški cerkvi,cerkev
Sveta Marjeta na Boču,cerkev
Dedni vrh (Šuštarica),vrh
Izvir Sotle,Ni podana
Podkanjski slap / Wildensteiner Wasserfall,slap
Partizanska bolnica na Formili/Boču,Ni podana
Jezero Završnica,jezero
Razgledna točka na Stenici,Ni podana
Formila na Boču,Ni podana
Joški vrh,vrh
Rudijev dom na Donački gori,koča
Sveti Rok (Sele),cerkev
Gonžarjeva peč,vrh
Babček,vrh
Lindeški slap,slap
Mornova zijalka,Ni podana
Planinska koča Velikonočnica,koča
Krajnikov grad,vrh
Grilova kapela na Boču,cerkev
Ljubična gora,vrh
Ljubična gora,cerkev
Sveti Pankracij (Grajski grič),vrh
Sveti Pankracij (Grajski grič),cerkev
Grad Konjice,vrh
Cerkev Marije rožnovenske (Črešnjice),cerkev
Sveti Donat,cerkev
Goležev grad,vrh
Sveti Mihael na Pečici,cerkev
Cerkev Marijinega vnebovzetja (Vitanje),cerkev
Sv. Uršula nad Dramljami,cerkev
Sv. Tomaž nad Vojnikom,vrh
Sv. Tomaž nad Vojnikom,koča
Sv. Tomaž nad Vojnikom,cerkev
Sveta Barbara v Zagradu,vrh
Sveta Barbara v Zagradu,cerkev
Sveti Miklavž (Sele),cerkev
Zbelovski grad,Ni podana
Cerkev Marije Tolažnice (Brezje nad Žetalami),vrh
Cerkev Marije Tolažnice (Brezje nad Žetalami),cerkev
Razborški ribniki,jezero
Sv. Marija Magdalena (Dramlje),cerkev
Studeniški grad,Ni podana
Sv. Ilija (Spodnje Dramlje),cerkev
Partizanska bolnica Zima,Ni podana
Črni vrh,vrh
Črni vrh,bivak
Velika Kopa,vrh
Jezerski vrh,vrh
Mali Črni vrh,vrh
Mali Črni vrh,jezero
Lovrenška jezera,vrh
Lovrenška jezera,jezero
Rogla,vrh
Ribniška koča,koča
Ostruščica,vrh
Ribniško jezero,jezero
Cerkev Jezusove spremenitve na gori (Rogla),cerkev
Izvir Dravinje,Ni podana
Pot med krošnjami Pohorje,Ni podana
Koča na Jurgovem,koča
Pesek,vrh
Lasina,vrh
Izvir reke Pake,Ni podana
Koča na Pesku,koča
Grmovškov dom pod Veliko Kopo,koča
Grmovškov dom pod Veliko Kopo,sedlo
Žigartov vrh,vrh
Veliki vrh (na Pohorju),vrh
Klopni vrh,vrh
Tiho jezero (Falski ribnik),jezero
Turn (pri Klopnem vrhu),vrh
Koča na Klopnem vrhu,koča
Ruška koča na Arehu,koča
Ruška koča na Arehu,cerkev
Lukov slap,slap
Lamprehtov vrh,vrh
Jezerc,jezero
Črno jezero na Pohorju,jezero
Dom na Osankarici,koča
Ledinekov kogel,vrh
Sveti Trije kralji,koča
Sveti Trije kralji,cerkev
Izvir Polskave,Ni podana
Vrelenk,Ni podana
Kremžarjev vrh,vrh
Mariborski razglednik (Cigelnica),vrh
Planinski dom Zarja (Hotel Zarja),koča
Koča pod Kremžarjevim vrhom,koča
Koča na Pesniku,koča
Koča na Šumiku,koča
Mariborska koča,koča
Sveti Bolfenk (Mariborsko Pohorje),cerkev
Partizanska bolnišnica Jesen,Ni podana
Koča Planinc,koča
Sveta Uršula (Bojtina),cerkev
Repnikov vrh,vrh
Jezerce Drtičnikovo,jezero
Slap Veliki Šumik,slap
Sedovnikov vrh,vrh
Sveti Križ (Kumen),cerkev
Framski slap,slap
Janževski vrh,vrh
Janževski vrh,koča
Janževski vrh,cerkev
Hlebov vrh (Rdeči Breg),vrh
Hlebov vrh (Rdeči Breg),cerkev
Hotel Tisa (Poštarski dom),koča
Sveti Urh (Urh),cerkev
Slap Mali Šumik,slap
Sveti Ignacij (Rdeči Breg),cerkev
Lovski dom LD Gradišče,koča
Klančnik (Glančnik),vrh
Lovska koča Klančnik,koča
Sveta Marija (Smolnik),cerkev
Sveti Danijel (nad Trbonjami),vrh
Sveti Danijel (nad Trbonjami),cerkev
Golarjev vrh,vrh
Sveta Barbara nad Slovenj Gradcem,cerkev
Ribnik zahodno od Ošelja,jezero
Majalova kapelica,Ni podana
Kebeljski grad (Zajčev grad),vrh
Ribnika Devin v Ošelju,jezero
Maroltova jelka (Bistriški vintgar),Ni podana
Golek,vrh
Razgledna ploščad pri Ančnikovem gradišču,vrh
Anski vrh (nad Pamečami),vrh
Anski vrh (nad Pamečami),cerkev
Ančnikovo gradišče,koča
Sveti Lenart (Koritno),cerkev
Šetorov mlin,Ni podana
Trije križi na Konjiški gori,sedlo
Pečke,vrh
Pečke,koča
Sveta Magdalena (Brda),cerkev
Ribnica na Pohorju,koča
Ribnica na Pohorju,cerkev
Lobnikov vrh,vrh
Koglerjev vrh,vrh
Sveti Križ (Planica),cerkev
Sveti Miklavž (Koritno),cerkev
Žusem,vrh
Žusem,bivak
Žusem,cerkev
Lovski dom - LD Fram,koča
Sveti Primož (Sveti Primož na Pohorju),vrh
Sveti Primož (Sveti Primož na Pohorju),cerkev
Sveti Janez Krstnik (Šentjanž nad Dravčami),vrh
Sveti Janez Krstnik (Šentjanž nad Dravčami),cerkev
Sv. Peter in Pavel (Veliko Tinje),cerkev
Potnikova smreka,Ni podana
Jelovice,vrh
Globokarjev vrh,vrh
Brinjeva gora (nad Zrečami),vrh
Brinjeva gora (nad Zrečami),cerkev
Golika,vrh
Golika,cerkev
Sveti Mohor (Lačna Gora),vrh
Sveti Mohor (Lačna Gora),cerkev
Hožičev vrh,vrh
Slap Šum (Bistriški vintgar),slap
Kerješetov vrh,vrh
Sveti Martin (Zlakova),vrh
Sveti Martin (Zlakova),cerkev
Lorbekov vrh,vrh
Rudnica (nad Podčetrtkom),vrh
Rudnica (nad Podčetrtkom),koča
Rudnica (nad Podčetrtkom),jezero
Rudnica (nad Podčetrtkom),bivak
Rudnica (nad Podčetrtkom),planina
Rudnica (nad Podčetrtkom),cerkev
Sveti Bolfenk (Jelovice),vrh
Sveti Bolfenk (Jelovice),cerkev
Skala (nad Dravogradom),Ni podana
Gradišče (nad Slovenj Gradcem),vrh
Sveti Avguštin,vrh
Sveti Avguštin,cerkev
Kluže,vrh
Izletniška kmetija Ančka,koča
Sv. Ana nad Makolami,cerkev
Janški vrh,vrh
Janški vrh,cerkev
Sv. Marjeta (Ritoznoj),cerkev
Cerkev Device Marije na Kamnu,vrh
Cerkev Device Marije na Kamnu,cerkev
Vodni izvir Zlati studenec,Ni podana
Sveta Magdalena (Velika Varnica),cerkev
Ptujska Gora,vrh
Ptujska Gora,koča
Ptujska Gora,cerkev
Kapela sv. Ane v Puščavi,vrh
Kapela sv. Ane v Puščavi,cerkev
Izvir Toplega (Studeniškega) potoka,slap
Sveta Lucija nad Studenicami,cerkev
Tošč,vrh
Pasja ravan,vrh
Goli vrh,vrh
Sivka,vrh
Mlaka,vrh
Javorč,vrh
Javorč,koča
Polhograjska Grmada,vrh
Gontarska planina,vrh
Lavrovec,vrh
Sveti Lenart,vrh
Sveti Lenart,cerkev
Sveti Ožbolt (nad Zmincem),vrh
Sveti Ožbolt (nad Zmincem),cerkev
Osolnik,vrh
Osolnik,cerkev
Mala Grmada,vrh
Bukov vrh,vrh
Bukov vrh,cerkev
Polhograjska Gora (Sveti Lovrenc),vrh
Polhograjska Gora (Sveti Lovrenc),cerkev
Veliki hrib,vrh
Goljek,vrh
Sveti Jakob,vrh
Sveti Jakob,cerkev
Marinčeva planina (Hrib),vrh
Sveti Andrej (Planina nad Horjulom),vrh
Sveti Andrej (Planina nad Horjulom),cerkev
Rog,vrh
Kožljek,vrh
Brunarica Osovnik,koča
Jeterbenk,vrh
Stražni stolp pod vrhom Kovčka,Ni podana
Sveta Jedert,cerkev
Sveta Katarina (Topol),cerkev
Dom na Govejku,koča
Koreno,vrh
Koreno,cerkev
Jermanca (Jermancov grič),vrh
Hom,vrh
Mali vrh,vrh
Kucelj nad Polhovim Gradcem,vrh
Sveta Uršula (Setnica),cerkev
Kregovnik,vrh
Sveta Ana (Butajnova),cerkev
Sveti Florijan (Tehovec),vrh
Sveti Florijan (Tehovec),cerkev
Grmada,vrh
Dominov dom,koča
Šmarna gora,vrh
Šmarna gora,koča
Šmarna gora,cerkev
Kugelč (Šentjošt nad Horjulom),vrh
Kugelč (Šentjošt nad Horjulom),planina
Kugelč (Šentjošt nad Horjulom),cerkev
Sveti Mihael na Samotorici,cerkev
Domačija Pr Lenart (Belo),koča
Breznik (Boben),vrh
Rašica (Vrh Staneta Kosca),vrh
Rašica (Vrh Staneta Kosca),koča
Sveta Barbara (nad Hrastnico),cerkev
Ključ,vrh
Sveti Andrej (nad Zmincem),vrh
Sveti Andrej (nad Zmincem),koča
Sveti Andrej (nad Zmincem),cerkev
Vrhe nad Dobrovo,vrh
Visoki hrib,vrh
Toško Čelo,vrh
Toško Čelo,koča
Sveti Urban (nad Gorenjo Dobravo),vrh
Sveti Urban (nad Gorenjo Dobravo),cerkev
Veliki vrh (Rašica),vrh
Sveti Martin nad Brišami,cerkev
Sveti Jurij (Praproče),cerkev
Partizanski dom na Ključu,koča
Gradišče nad Žažarjem,vrh
Vrh (Debeli hrib),vrh
Gradišče (nad Dobrovo),vrh
Planinski dom na Ravneku,koča
Smledniški hrib (Stari grad),vrh
Smledniški hrib (Stari grad),koča
Vrhovčev grič,vrh
Sveta Marjeta pod Jeterbenkom,cerkev
Bezenica,vrh
Strmca,vrh
Koseški hrib,vrh
Kalvarija,vrh
Gradišče (Zapoški hrib),vrh
Strmec (nad Dragomerom),vrh
Debeli vrh (nad Topolami),vrh
Klobuk pri Ljubljani,vrh
Stražni vrh,vrh
Koča Klobuk,koča
Mengeška koča na Gobavici,vrh
Mengeška koča na Gobavici,koča
Šišenski hrib (Rožnik),vrh
Sveti Urh (nad Zaklancem),vrh
Sveti Urh (nad Zaklancem),cerkev
Sveti Tilen nad Repnjami,cerkev
Sveti Jurij (Hruševo),vrh
Sveti Jurij (Hruševo),cerkev
Severjev grič,vrh
Ferjanka,vrh
Ferjanka,koča
Slavkov dom na Golem brdu,koča
Straža,vrh
Cankarjev vrh (Rožnik),vrh
Cankarjev vrh (Rožnik),koča
Cankarjev vrh (Rožnik),cerkev
Sveti križ na Hribcu,Ni podana
Blagajev grad (Polhograjska graščina),Ni podana
Ljubljanski grad,vrh
Ljubljanski grad,koča
Liparjev grič,vrh
Tabor (nad Črnučami),vrh
Mlinčki,Ni podana
Mostec,koča
Grad Jablje,Ni podana
Koseški bajer,jezero
Kum,vrh
Kum,koča
Kum,cerkev
Črni vrh (Čemšeniška planina),vrh
Trdinov vrh,vrh
Trdinov vrh,cerkev
Javor,vrh
Mrzlica,vrh
Mrzlica,koča
Koča na Čemšeniški planini,koča
Veliki Rog,vrh
Gozdnik,vrh
Gozdnik,bivak
Ledenik,vrh
Sveta Marija (Ključevica),vrh
Sveta Marija (Ključevica),cerkev
Mirna gora,vrh
Slovenski vrh,vrh
Mestni vrh,vrh
Veliki Javornik (Bohor),vrh
Sveta planina (Partizanski vrh),vrh
Sveta planina (Partizanski vrh),koča
Sveta planina (Partizanski vrh),cerkev
Požgani hrib,vrh
Dom na Mirni gori,koča
Livoldski vrh,vrh
Veliko Kozje,vrh
Kal,vrh
Koprivnik (Bohor),vrh
Grad Fridrihštajn,vrh
Stene svete Ane,vrh
Dom pri Miklavžu,vrh
Dom pri Miklavžu,koča
Dom pri Miklavžu,cerkev
Nebeška gora,vrh
Špilk,vrh
Špilk,bivak
Gače,vrh
Skalica (Bohor),vrh
Lisca,vrh
Lisca,koča
Planinski rudarski dom na Kalu,koča
Malič,vrh
Roviškovec,vrh
Reška planina,vrh
Debeli vrh (Bohor),vrh
Plešivec (Bohor),vrh
Petrova skala na Bohorju,Ni podana
Adijev bivak na Reški planini,bivak
Koča pri Sveti Ani na Mali gori,koča
Koča pri Sveti Ani na Mali gori,cerkev
Kopitnik,vrh
Krvavica,vrh
Planinski dom Vrhe,koča
Planinski dom Vrhe,sedlo
Planinski dom Vrhe,cerkev
Koča na Bohorju,koča
Grmada (Bohor),vrh
Klobuk,vrh
Sveti Peter,vrh
Grmada na Mali gori,vrh
Grmada na Mali gori,koča
Naravno bohorsko okno,Ni podana
Slivna (Pivkelj),vrh
Reber,vrh
Pleše,vrh
Koča na Kopitniku,koča
Kamnik,vrh
Kamnik,bivak
Oslica (Bohor),vrh
Ostrež,vrh
Ostrež,cerkev
Ostri vrh,vrh
Zasavska Sveta gora,vrh
Zasavska Sveta gora,cerkev
Koča pri Jelenovem studencu,koča
Lipovec,vrh
Lovski dom Bohor,koča
Sv. Primož in Felicijan (Razbor pri Čemšeniku),cerkev
Ledena jama na Stojni,Ni podana
Cicelj,vrh
Tolsti vrh nad Celjsko kočo,vrh
Golava,vrh
Golava,bivak
Lovski vrh,vrh
Dom na Zgornji Slivni,koča
Dom na Zgornji Slivni,cerkev
Planinski dom na Zasavski Sveti gori,koča
Planinski dom pri Gospodični,koča
Sedlata gorica (Pogorelec),vrh
Govško brdo,vrh
Brest (Bohor),vrh
Veliki vrh nad Svetino,vrh
Janče,vrh
Janče,koča
Janče,cerkev
Pašnik Lipovec,planina
Pašnik Lipovec,sedlo
Baba,vrh
Dom na Šmohorju,vrh
Dom na Šmohorju,koča
Dom na Šmohorju,cerkev
Kamen vrh,vrh
Kamen vrh,koča
Vrhe (pri Gorah),vrh
Vrunčev dom na Svetini,koča
Tolsto,vrh
Obolno,vrh
Limbarska gora,vrh
Limbarska gora,koča
Limbarska gora,cerkev
Almin dom na Svetini,koča
Almin dom na Svetini,cerkev
Kotečnik,vrh
Jasovnik,vrh
Dom v Gorah,vrh
Dom v Gorah,koča
Dom v Gorah,cerkev
Vrtače,vrh
Babni vrh,vrh
Kucelj,vrh
Sveti Ahac,vrh
Sveti Ahac,cerkev
Sveti Ilija (Planina),cerkev
Murovica,vrh
Zajčeva koča,koča
Kozice,vrh
Sveti Miklavž nad Savo,vrh
Sveti Miklavž nad Savo,cerkev
Žamboh,vrh
Žamboh,cerkev
Tolsta gora,vrh
Ciganov vrh (Korinjski hrib),vrh
Sveti Križ (nad Planino pri Sevnici),vrh
Sveti Križ (nad Planino pri Sevnici),cerkev
Markova glava (razgledna stena),vrh
Kmečki turizem Obolno,koča
Sveti Lovrenc nad vasjo Okroglice,vrh
Sveti Lovrenc nad vasjo Okroglice,cerkev
Grmada nad Celjem,vrh
Pokojni vrh (Bohor),vrh
Gradišče,vrh
Plezališče in ferata Renke,Ni podana
Srebotnik,vrh
Sveti Florjan (Zgornja Gora),cerkev
Gorišca,vrh
Tabor,vrh
Pristava nad Stično,vrh
Bavč,vrh
Golčaj,vrh
Golčaj,cerkev
Limberk,vrh
Veliki Špiček,vrh
Resevna,vrh
Resevna,koča
Sveti Križ (Slemšek),koča
Sveti Križ (Slemšek),cerkev
Vrh (Šticna),vrh
Stari grad (grad Čušperk),vrh
Dom pod Reško planino,koča
Dom pod Reško planino,cerkev
Visoka špica,vrh
Sveta Marjeta (Prežganje),vrh
Sveta Marjeta (Prežganje),koča
Sveta Marjeta (Prežganje),cerkev
Dom Ušte - Žerenk,koča
Celjska koča,koča
Raskože (Bohor),vrh
Stražnik,vrh
Vrhija,vrh
GEOSS,koča
Zabreznik (Sv. Miklavž),vrh
Zabreznik (Sv. Miklavž),cerkev
Sveti Lambert,vrh
Sveti Lambert,cerkev
Pastirska kapelica,cerkev
Sveti Duh (Polževo),vrh
Sveti Duh (Polževo),cerkev
Veliki Bojanski vrh,vrh
Žagarski vrh,vrh
Žagarski vrh,koča
Kalanov hrib (Kalanček),vrh
Pečovniška koča na Grmadi,koča
Pugled,vrh
Bajturn (Zaplaški hrib),vrh
Lomnik,vrh
Veliki Slomnik,vrh
Dragov dom na Homu,vrh
Dragov dom na Homu,koča
Dragov dom na Homu,cerkev
Gradišče nad Ilovo Goro,vrh
Gradišče nad Ilovo Goro,cerkev
Mali Bojanski vrh,vrh
Sveti Štefan (Turje),cerkev
Hotel Polževo,koča
Semenič,vrh
Dom na Bukovici,vrh
Dom na Bukovici,koča
Hum nad Laškim,vrh
Trebni vrh,vrh
Stari grad Kamnik,vrh
Stari grad Kamnik,koča
Mehovski hrib,vrh
Hom nad Celjem,vrh
Grmadnik,vrh
Rifnik,vrh
Resje nad Štorami,vrh
Lovski dom na Govcah,koča
Lisec (Liška gora),vrh
Lovski dom na Vrhtrebnjem,koča
Lovski dom na Vrhtrebnjem,cerkev
Španov vrh (Besnica),vrh
Pri knapu pod Babo,bivak
Pri knapu pod Babo,sedlo
Smuk,vrh
Smuk,koča
Smuk,cerkev
Zaplaz,vrh
Zaplaz,cerkev
Gradiše (nad Štorami),vrh
Kožljevec,vrh
Vipota,vrh
Debenji vrh,vrh
Sveta Trojica (nad Dobom),vrh
Sveta Trojica (nad Dobom),koča
Sveta Trojica (nad Dobom),cerkev
Svete gore,vrh
Svete gore,cerkev
Kamčič,vrh
Sv. Peter (Olešče),cerkev
Ostri vrh (nad Globodolom),vrh
Strešni vrh (Svibno),vrh
Grad Turjak,vrh
Sv. Križ (Retje),vrh
Sv. Križ (Retje),cerkev
Turn (Sv. Janez Krstnik),vrh
Sveti Mohor na Mohorjevem hribu,vrh
Sveti Mohor na Mohorjevem hribu,cerkev
Lavričeva koča na Gradišču,vrh
Lavričeva koča na Gradišču,koča
Lavričeva koča na Gradišču,cerkev
Sveti Lenart (Kandrše),vrh
Sveti Lenart (Kandrše),cerkev
Grad Višnja Gora (Stari grad),vrh
Magdalenska gora,vrh
Magdalenska gora,cerkev
Kapelica pri Mariji pod Srebotnikom,cerkev
Ajdovščina nad Ihanom,vrh
Tabor Cerovo,vrh
Tabor Cerovo,cerkev
Sveti Mihael (Križate),cerkev
Rudniško jezero,koča
Rudniško jezero,jezero
Špicberg,vrh
Gradiški grič,vrh
Gradiški grič,cerkev
Grad Podsreda,Ni podana
Oklo nad Ihanom,Ni podana
Sveti Primož in Felicijan nad Semičem,cerkev
Vzletišče Peter (Straška gora),Ni podana
Orle,vrh
Orle,koča
Planinski dom na Brnici,koča
Lazarjev vrh,vrh
Mazovnik (Golovec),vrh
Sitarjevec,vrh
Sveti Peter (Selo pri Mirni),vrh
Sveti Peter (Selo pri Mirni),cerkev
Murjevka,vrh
Stari grad (Stari Osterberg),vrh
Cerkev sv. Mihaela na Šmihelu,vrh
Cerkev sv. Mihaela na Šmihelu,cerkev
Dom LD Dobrnič,koča
Dom LD Dobrnič,sedlo
Črni hrib (Golovec),vrh
Velika Radenska stena,vrh
Luknje,vrh
Gašperjeva koča pod Velikim Kozjem,koča
Županova jama,Ni podana
Mala Radenska stena,vrh
Sveta Marija (Trška Gora),vrh
Sveta Marija (Trška Gora),cerkev
Sveti Križ (Liška gora),vrh
Sveti Križ (Liška gora),cerkev
Sveta Katarina (Kuretno),cerkev
Veliki vrh (Križentaver),vrh
Tinska gora,vrh
Stari grad na Grajskem hribu,vrh
Oljska gora,vrh
Sv. Miklavž na Goropečah,cerkev
Stari grad (Volčji Potok),vrh
Miklavžev hrib (Miklavški hrib),cerkev
Kamnolom mlinskih kamnov,Ni podana
Hribce,vrh
Hribce,jezero
Hribce,cerkev
Stara sveta gora,vrh
Stara sveta gora,cerkev
Sv. Kunigunda na Taboru nad Ihanom,vrh
Sv. Kunigunda na Taboru nad Ihanom,cerkev
Miklavžev hrib (Razgledni stolp),vrh
Sveta Neža (Liboje),vrh
Sveta Neža (Liboje),cerkev
Grad Kozje (Drachenburg),vrh
Radenski kal,koča
Radenski kal,jezero
Sv. Andrej nad Olimjem,cerkev
Dom Frata,koča
Gradišče (pri Grižah),vrh
Gradišče (pri Grižah),cerkev
Gradiško jezero,jezero
Sveti Primož (Kremen),vrh
Sveti Primož (Kremen),cerkev
Lahomniški sopot,slap
Cerkev sv. Krištofa na Gramnu,vrh
Cerkev sv. Krištofa na Gramnu,cerkev
Sv. Urban (Cmereška Gorca),cerkev
Gruska jama,slap
Sv. Lovrenc (Kompole),cerkev
Pusti Peter,cerkev
Cerkev Lurške Matere Božje (Lurd),cerkev
Herkulovo svetišče na Bregu,cerkev
Izvir Krke,Ni podana
Stari grad nad Otočcem,Ni podana
Jelovička in Mihova jama,Ni podana
Sotinski breg (Kugla),vrh
Serdiški breg (Rdeči breg),vrh
Križarka,vrh
Srebrni breg,vrh
Vukova kapela (Vidonci),vrh
Vukova kapela (Vidonci),cerkev
Cerkev sv. Ane v Boreči,vrh
Cerkev sv. Ane v Boreči,cerkev
Kamenek,vrh
Tromejnik,vrh
Evharistični križ v Trdkovi,vrh
Pepelšček,vrh
Kapela Presvetega Srca Jezusovega in Brezmadežnega Srca Marijinega v Martinju,cerkev
Činčev breg,vrh
Bogin breg,vrh
Grad Grad na Goričkem,vrh
Grad Grad na Goričkem,cerkev
Gorički breg,vrh
Zalka,vrh
Sveti Benedikt (Kančevci),vrh
Sveti Benedikt (Kančevci),cerkev
Kapela v Stanjevcih,vrh
Kapela v Stanjevcih,cerkev
Sveta Trojica (Gornji Petrovci),vrh
Sveta Trojica (Gornji Petrovci),cerkev
Mejni kamen A 115,Ni podana
Apneni breg,vrh
Beli breg,vrh
Mejni kamen Marije Terezije (Tromejnik),Ni podana
Marija Snežna (Fikšinci),cerkev
Kripta,vrh
Piramida (Lendavske gorice),vrh
Griški vrh,vrh
Makotrov breg,vrh
Kapela v Zgornjih Moravcih,vrh
Kapela v Zgornjih Moravcih,cerkev
Sveti Martin (Stari breg),vrh
Sveti Martin (Stari breg),cerkev
Fuks graba,Ni podana
Trestenjak,vrh
Trestenjak,cerkev
Razgledni stolp Vinarium Lendava,vrh
Razgledni stolp Vinarium Lendava,koča
Sveta Helena (Pertoča),vrh
Sveta Helena (Pertoča),cerkev
Gomba,vrh
Planinska koča Rak,koča
Budinci,Ni podana
Ograd,vrh
Ograd,cerkev
Izvir slatine (pod Činčevim bregom),Ni podana
Vidrin center Aqualutra,Ni podana
Jezero Križevci,jezero
Sveta Trojica v Lendavskih goricah,vrh
Sveta Trojica v Lendavskih goricah,cerkev
Kačova mlaka,jezero
Močvara (Lončarovci),Ni podana
Rotunda sv. Nikolaja (Selo),vrh
Rotunda sv. Nikolaja (Selo),koča
Rotunda sv. Nikolaja (Selo),cerkev
Vršič nad Bogojino,vrh
Hodoško jezero,jezero
Slatinski vrelec Nuskova,slap
Ledavsko jezero,jezero
Lendavski grad (Dolnjelendavski grad),vrh
Sveti Vid (pri Bukovniškem jezeru),cerkev
Plečnikova cerkev (Bogojina),cerkev
Bukovniško jezero,jezero
Soboško jezero,koča
Soboško jezero,jezero
Ribnik Taškal,jezero
Gramoznica Dokležovje,jezero
Otok ljubezni,koča
Gramoznica Vučja jama,jezero
Gramoznica Ivanci,jezero
Altemaver (Ratitovec),vrh
Gladki vrh (Ratitovec),vrh
Kremant (Ratitovec),vrh
Kosmati vrh (Ratitovec),vrh
Kosmati vrh (Ratitovec),planina
Krekova koča na Ratitovcu,vrh
Krekova koča na Ratitovcu,koča
Krekova koča na Ratitovcu,bivak
Krekova koča na Ratitovcu,planina
Porezen,vrh
Dom na Poreznu,koča
Dom na Poreznu,bivak
Dom na Poreznu,planina
Blegoš,vrh
Žbajnek,vrh
Kačji rob,vrh
Hoč,vrh
Planina Klom,planina
Črni vrh (nad Soriško planino),vrh
Planina Pečana,planina
Medrce,vrh
Koprivnik,vrh
Koča na Blegošu,koča
Koča na Blegošu,planina
Mladi vrh,vrh
Kopa (Cimprovka),vrh
Lipniška planina,planina
Tonderškofel,vrh
Erbelc,vrh
Otavnik,vrh
Kojca,vrh
Kojca,bivak
Črni vrh nad Novaki,vrh
Črni vrh nad Novaki,jezero
Planina Otavnik,vrh
Planina Otavnik,planina
Koča na Črnem vrhu nad Novaki,koča
Gozdarske koče Martinček,planina
Stari vrh,vrh
Zavetišče gorske straže na Jelencih,koča
Planina Kališnik,planina
Hudournik,vrh
Počitniški dom Goričane,Ni podana
Dražgoška gora,vrh
Selska planina,planina
Bela peč (Podbliška gora),vrh
Babji zob,vrh
Planina Tamar,planina
Ribčeva planina,Ni podana
Partizanski dom na Vodiški planini,koča
Partizanski dom na Vodiški planini,planina
Jelenk,vrh
Partizanska tehnika Meta,Ni podana
Oblakova planina,planina
Lovska koča LD Otavnik,planina
Danejeva planina,planina
Gozdarska koča Rovtarica,koča
Vrhovec,vrh
Vojsko,koča
Vojsko,planina
Vojsko,cerkev
Malenski vrh,vrh
Bevkov vrh,vrh
Lovska koča na Toli,koča
Žagarjev hlev v Grobljah,bivak
Koča na Starem vrhu,koča
Ermanovec,vrh
Lubnik,vrh
Lubnik,koča
Planina Prihod,planina
Bičkova skala,Ni podana
Prtovč,koča
Prtovč,cerkev
Sivka,vrh
Štor,vrh
Razpok,planina
Davški slapovi,slap
Gradišče (nad Spodnjo Idrijo),vrh
Loncmanova Sivka (Mrzli Vrh),vrh
Cerkev Marijinega vnebovzetja (Gora),cerkev
Črvov vrh,vrh
Škofje,vrh
Planinska koča Mrzl'k,vrh
Planinska koča Mrzl'k,koča
Koča na Ermanovcu,koča
Ribenska planina,planina
Ažmanov rovt,planina
Vrhovski grič,vrh
Miklavška gora,vrh
Miklavška gora,cerkev
Suharna,Ni podana
Sveti Mohor (Zabrekve),vrh
Sveti Mohor (Zabrekve),cerkev
Krog (Ledinski grič),vrh
Planinski dom Goška ravan,koča
Planinski dom Goška ravan,planina
Kucelj (nad Kopačnico),vrh
Sveti Brikcij (Četena Ravan),cerkev
Bukovski vrh,vrh
Špik (Vranškov grič),vrh
Hleviška planina,vrh
Bitenjska planina,planina
Planina Vršana,planina
Sleme (Površnica),vrh
Tolsti vrh (Talež),vrh
Veliki vrh (Lajše),vrh
Sveti Marko (Spodnje Danje),cerkev
Sveti Križ nad Selcami,vrh
Sveti Križ nad Selcami,cerkev
Sveta Jedert (Lajše),cerkev
Sveti Jošt nad Kranjem,vrh
Sveti Jošt nad Kranjem,koča
Sveti Jošt nad Kranjem,cerkev
Špičasti hrib,vrh
Sveti Primož in Felicijan (Jamnik),vrh
Sveti Primož in Felicijan (Jamnik),cerkev
Sveti Primož in Felicijan na Gabrški gori,cerkev
Gradišče pod Babjim zobom,vrh
Sveti nadangel Gabrijel (Planica),vrh
Sveti nadangel Gabrijel (Planica),cerkev
Koča na Hleviški planini,koča
Cerkovni vrh,vrh
Leskovica,cerkev
Vrh Slajke,vrh
Dom na Slajki,koča
Lepo brdo,vrh
Zagrebenc,vrh
Sveti Tomaž (Vrsnik nad Žirmi),vrh
Sveti Tomaž (Vrsnik nad Žirmi),cerkev
Vrh soteske (Križna gora),vrh
Sveti Pavel (Stara Oselica),cerkev
Lovska koča na Taležu,koča
Lovska koča na Taležu,planina
Rovnik,vrh
Hujska,vrh
Rodne,vrh
Rodne,bivak
Sveti Križ (Križna Gora),koča
Sveti Križ (Križna Gora),cerkev
Sveti Tomaž nad Praprotnim,vrh
Sveti Tomaž nad Praprotnim,cerkev
Sveti Duh (Labinje),cerkev
Jagršče,cerkev
Zaganjalka,Ni podana
Izvir Volaščice,Ni podana
Šmarjetna gora,vrh
Šmarjetna gora,koča
Šmarjetna gora,cerkev
Sveti Štefan (Kupljenik),cerkev
Šebrelje,cerkev
Bolnica Franja,slap
Bolnica Franja,koča
Lipniški grad (Pusti grad nad Lipnico),vrh
Sveti Lovrenc na Lovrenški gori,cerkev
Sveti Jošt v Trebenčah,vrh
Sveti Jošt v Trebenčah,cerkev
Sveti Ivan nad Divjimi babami,vrh
Sveti Ivan nad Divjimi babami,cerkev
Cerkev Loretske Matere Božje v Suši,cerkev
Kapelica Na Koren,cerkev
Cerkev Marijinega rojstva v Policah,cerkev
Ojstra peč,vrh
Sveti Lambert (Lancovo),vrh
Sveti Lambert (Lancovo),cerkev
Cerkev Sv. Križa na Brezju nad Srednjo vasjo,vrh
Cerkev Sv. Križa na Brezju nad Srednjo vasjo,cerkev
Slap Grmečica,slap
Zjavka,vrh
Sveta Ana (Ledinica),vrh
Sveta Ana (Ledinica),cerkev
Grad Divja Loka (Stari grad),vrh
Stovc (Stolec),vrh
Krancelj,vrh
Sveti Pavel (Straža),vrh
Sveti Pavel (Straža),cerkev
Divje babe,Ni podana
Kamnitnik (nad Škofjo Loko),vrh
Slap Šum,slap
Srednji Kamnitnik,vrh
Mali Kamnitnik,vrh
Medvedja luknja,Ni podana
Slap v Sopotih (Pršjak),slap
Košenjak,vrh
Bivak Piramida,Ni podana
Kozji vrh (pri Košenjaku),vrh
Sveti Urban (nad Kozjim Vrhom),cerkev
Dom na Košenjaku,koča
Šteknetov vrh,vrh
Sv. Simon in Juda Tadej (Pernice),cerkev
Pokeržnikov vrh,vrh
Kapunar,vrh
Sveti Jernej nad Muto,vrh
Sveti Jernej nad Muto,planina
Sveti Jernej nad Muto,cerkev
Šteharski vrh (Šteharnikov vrh),vrh
Bricnik,vrh
Sveti Urh (Strojna),cerkev
Sveti Janez Krstnik na Ojstrici,cerkev
Sršenov vrh,vrh
Možičev vrh,vrh
Sveti Urban (Radelca),cerkev
Žavcarjev vrh,vrh
Sveti Duh na Ostrem Vrhu,cerkev
Sveti Pankracij (Radelca),vrh
Sveti Pankracij (Radelca),cerkev
Koča na Žavcarjevem vrhu,koča
Grilov vrh,vrh
Sveti Trije Kralji (nad Radljami ob Dravi),vrh
Sveti Trije Kralji (nad Radljami ob Dravi),cerkev
Sveti Primož nad Muto,sedlo
Sveti Primož nad Muto,cerkev
Zavetišče Onuk - Glavar,koča
Sveta Katarina (Zgornja Kapla),cerkev
Tolsti vrh (na Kozjaku),vrh
Brinjeva gora (nad Prevaljami),vrh
Brinjeva gora (nad Prevaljami),cerkev
Tojzlov vrh,vrh
Planinski dom Kozjak,koča
Sveti Jurij (Remšnik),vrh
Sveti Jurij (Remšnik),cerkev
Odomovo jezero,jezero
Lovska koča Radlje ob Dravi,Ni podana
Turška peč,vrh
Petnikov vrh,vrh
Sv. Urban nad Mariborom,cerkev
Stari grad nad Radljami ob Dravi (Mahrenberg),vrh
Sv. Križ (Gaj nad Mariborom),cerkev
Sveti Križ pri Dravogradu,vrh
Sveti Križ pri Dravogradu,cerkev
Plački vrh,vrh
Župank,Ni podana
Sedelnikov slap,slap
Grmada (pri Vurberku) - jugovzhodni vrh,vrh
Grmada (pri Vurberku) - severozahodni vrh,vrh
Grad Vurberk,vrh
Grad Vurberk,cerkev
Samotni bor,vrh
Čajžič,vrh
Kalvarija (cerkev svete Barbare),vrh
Kalvarija (cerkev svete Barbare),cerkev
Kapela sv. Rozalije na Samotnem boru,Ni podana
Zavrh v Slovenskih goricah,vrh
Zavrh v Slovenskih goricah,koča
Sveta Ana v Slovenskih goricah,vrh
Sveta Ana v Slovenskih goricah,koča
Sveta Ana v Slovenskih goricah,cerkev
Beli vrh,vrh
Gomila,vrh
Gomila,koča
Gorca,vrh
Gorca,planina
Gorca,cerkev
Gradišče Novine,vrh
Cerkvenjak,vrh
Cerkvenjak,koča
Cerkvenjak,cerkev
Jeruzalem,vrh
Jeruzalem,koča
Jeruzalem,cerkev
Puhov muzej (Sakušak),Ni podana
Kogel (Litmerk),vrh
Zeleno okno,vrh
Kostanj,vrh
Razgledna točka Kapela,vrh
Razgledna točka Kapela,cerkev
Kapela sv. Družine (Runeč),cerkev
Piramida (nad Gornjo Radgono),vrh
Svetinje,vrh
Svetinje,cerkev
Ostragova,vrh
Norički vrh,vrh
Sveti Andraž (Vitomarci),Ni podana
Sveti Trije Kralji v Slovenskih goricah,vrh
Sveti Trije Kralji v Slovenskih goricah,cerkev
Rojstna hiša Stanka Vraza,Ni podana
Sveta Trojica v Slovenskih goricah,vrh
Sveta Trojica v Slovenskih goricah,cerkev
Grad Negova,vrh
Grad Negova,cerkev
Koča v naši grabi,koča
Sveta Trojica (Mala Nedelja),vrh
Sveta Trojica (Mala Nedelja),cerkev
Skrivališče konjev,Ni podana
Radgonski grad,vrh
Sveti Duh (Stara Gora),vrh
Sveti Duh (Stara Gora),koča
Sveti Duh (Stara Gora),cerkev
Turistična kmetija Amur,koča
Turistična kmetija Amur,jezero
Rimsko gomilno grobišče v Anželovem gozdu,Ni podana
Lovska koča LD Negova (Zeleni gaj),koča
Kapela sv. Marije (Radehova),Ni podana
Jezero Komarnik,jezero
Trojiško jezero (Gradiško jezero),koča
Trojiško jezero (Gradiško jezero),jezero
Jezero Radehova,jezero
Ribnik Gosijak,jezero
Blaguško jezero,jezero
Lovsko zavetišče LD Mala Nedelja,koča
Lisjakova struga,koča
Babičev mlin na Muri,Ni podana
Brod na Muri (Melinci),Ni podana
Razkriški kot (sotočje Mure in Ščavnice),Ni podana
